
> stencil-designer-3@1.0.0 test:e2e
> playwright test


Running 178 tests using 6 workers

[1A[2K[1/178] [chromium] › tests\e2e\basic.spec.ts:75:3 › 1. Initial display › 1-5 undo/redo buttons disabled on load
[1A[2K[2/178] [chromium] › tests\e2e\basic.spec.ts:63:3 › 1. Initial display › 1-3 three-column layout exists
[1A[2K[3/178] [chromium] › tests\e2e\basic.spec.ts:55:3 › 1. Initial display › 1-1 page title
[1A[2K[4/178] [chromium] › tests\e2e\basic.spec.ts:59:3 › 1. Initial display › 1-2 app title text in header
[1A[2K[5/178] [chromium] › tests\e2e\basic.spec.ts:69:3 › 1. Initial display › 1-4 footer displays initial values
[1A[2K[6/178] [chromium] › tests\e2e\basic.spec.ts:80:3 › 1. Initial display › 1-6 canvas is visible and has non-zero size
[1A[2K[7/178] [chromium] › tests\e2e\basic.spec.ts:95:3 › 2. Theme toggle › 2-1 click Theme applies light class
[1A[2K[8/178] [chromium] › tests\e2e\basic.spec.ts:100:3 › 2. Theme toggle › 2-2 second click restores dark theme
[1A[2K[9/178] [chromium] › tests\e2e\basic.spec.ts:115:3 › 3. Cursor coordinates › 3-1 coordinates update on mouse move
[1A[2K[10/178] [chromium] › tests\e2e\basic.spec.ts:124:3 › 3. Cursor coordinates › 3-2 coordinates are integers
[1A[2K[11/178] [chromium] › tests\e2e\basic.spec.ts:131:3 › 3. Cursor coordinates › 3-3 moving to different positions changes values
[1A[2K[12/178] [chromium] › tests\e2e\basic.spec.ts:149:3 › 4. Zoom and pan › 4-1 scroll wheel changes zoom percentage
[1A[2K[13/178] [chromium] › tests\e2e\basic.spec.ts:160:3 › 4. Zoom and pan › 4-2 zoom in increases zoom value
[1A[2K[14/178] [chromium] › tests\e2e\basic.spec.ts:172:3 › 4. Zoom and pan › 4-3 zoom out decreases zoom value
[1A[2K  1) [chromium] › tests\e2e\basic.spec.ts:131:3 › 3. Cursor coordinates › 3-3 moving to different positions changes values 

    Error: [2mexpect([22m[31mreceived[39m[2m).[22mnot[2m.[22mtoBe[2m([22m[32mexpected[39m[2m) // Object.is equality[22m

    Expected: not [32m"0"[39m

      135 |     await page.mouse.move(box.x + 400, box.y + 300);
      136 |     const cx2 = await page.locator('#footer-cx').textContent();
    > 137 |     expect(cx1).not.toBe(cx2);
          |                     ^
      138 |   });
      139 | });
      140 |
        at C:\Users\toshi\python\StencilDesinger3\tests\e2e\basic.spec.ts:137:21

    Error Context: test-results\basic-3-Cursor-coordinates-8650e-nt-positions-changes-values-chromium\error-context.md


[1A[2K  2) [chromium] › tests\e2e\basic.spec.ts:149:3 › 4. Zoom and pan › 4-1 scroll wheel changes zoom percentage 

    Error: [2mexpect([22m[31mreceived[39m[2m).[22mnot[2m.[22mtoBe[2m([22m[32mexpected[39m[2m) // Object.is equality[22m

    Expected: not [32m"50%"[39m

      155 |     await page.waitForTimeout(100);
      156 |     const zoomAfter = await page.locator('#footer-zoom').textContent();
    > 157 |     expect(zoomBefore).not.toBe(zoomAfter);
          |                            ^
      158 |   });
      159 |
      160 |   test('4-2 zoom in increases zoom value', async ({ page }) => {
        at C:\Users\toshi\python\StencilDesinger3\tests\e2e\basic.spec.ts:157:28

    Error Context: test-results\basic-4-Zoom-and-pan-4-1-s-53750-eel-changes-zoom-percentage-chromium\error-context.md


[1A[2K[15/178] [chromium] › tests\e2e\basic.spec.ts:184:3 › 4. Zoom and pan › 4-4 right-drag pans canvas
[1A[2K[16/178] [chromium] › tests\e2e\basic.spec.ts:216:3 › 5. Rectangle tool › 5-1 Rect button highlights on click
[1A[2K  3) [chromium] › tests\e2e\basic.spec.ts:160:3 › 4. Zoom and pan › 4-2 zoom in increases zoom value 

    Error: [2mexpect([22m[31mreceived[39m[2m).[22mtoBeGreaterThan[2m([22m[32mexpected[39m[2m)[22m

    Expected: > [32m50[39m
    Received:   [31m50[39m

      167 |     const zoom = await page.locator('#footer-zoom').textContent();
      168 |     const pct = parseInt(zoom ?? '0', 10);
    > 169 |     expect(pct).toBeGreaterThan(50);
          |                 ^
      170 |   });
      171 |
      172 |   test('4-3 zoom out decreases zoom value', async ({ page }) => {
        at C:\Users\toshi\python\StencilDesinger3\tests\e2e\basic.spec.ts:169:17

    Error Context: test-results\basic-4-Zoom-and-pan-4-2-zoom-in-increases-zoom-value-chromium\error-context.md


[1A[2K  4) [chromium] › tests\e2e\basic.spec.ts:172:3 › 4. Zoom and pan › 4-3 zoom out decreases zoom value 

    Error: [2mexpect([22m[31mreceived[39m[2m).[22mtoBeLessThan[2m([22m[32mexpected[39m[2m)[22m

    Expected: < [32m50[39m
    Received:   [31m50[39m

      179 |     const zoom = await page.locator('#footer-zoom').textContent();
      180 |     const pct = parseInt(zoom ?? '100', 10);
    > 181 |     expect(pct).toBeLessThan(50);
          |                 ^
      182 |   });
      183 |
      184 |   test('4-4 right-drag pans canvas', async ({ page }) => {
        at C:\Users\toshi\python\StencilDesinger3\tests\e2e\basic.spec.ts:181:17

    Error Context: test-results\basic-4-Zoom-and-pan-4-3-zoom-out-decreases-zoom-value-chromium\error-context.md


[1A[2K[17/178] [chromium] › tests\e2e\basic.spec.ts:221:3 › 5. Rectangle tool › 5-2 drawing adds one shape
[1A[2K  5) [chromium] › tests\e2e\basic.spec.ts:184:3 › 4. Zoom and pan › 4-4 right-drag pans canvas ─────

    Error: [2mexpect([22m[31mreceived[39m[2m).[22mnot[2m.[22mtoBe[2m([22m[32mexpected[39m[2m) // Object.is equality[22m

    Expected: not [32m"0"[39m

      197 |     const coordAfter = await page.locator('#footer-cx').textContent();
      198 |     // After pan, same canvas position maps to different world coords
    > 199 |     expect(coordBefore).not.toBe(coordAfter);
          |                             ^
      200 |   });
      201 | });
      202 |
        at C:\Users\toshi\python\StencilDesinger3\tests\e2e\basic.spec.ts:199:29

    Error Context: test-results\basic-4-Zoom-and-pan-4-4-right-drag-pans-canvas-chromium\error-context.md


[1A[2K[18/178] [chromium] › tests\e2e\basic.spec.ts:228:3 › 5. Rectangle tool › 5-3 drawn shape has correct bounding box
[1A[2K[19/178] [chromium] › tests\e2e\basic.spec.ts:251:3 › 5. Rectangle tool › 5-4 Shift constraint makes square
[1A[2K  6) [chromium] › tests\e2e\basic.spec.ts:100:3 › 2. Theme toggle › 2-2 second click restores dark theme 

    [31mTest timeout of 30000ms exceeded.[39m

    Error: page.click: Test timeout of 30000ms exceeded.
    Call log:
    [2m  - waiting for locator('#btn-theme')[22m
    [2m    - locator resolved to <button id="btn-theme" class="hdr-btn" title="Switch light / dark mode">…</button>[22m
    [2m  - attempting click action[22m
    [2m    2 × waiting for element to be visible, enabled and stable[22m
    [2m      - element is visible, enabled and stable[22m
    [2m      - scrolling into view if needed[22m
    [2m      - done scrolling[22m
    [2m      - <div class="modal-overlay" id="file-manager-modal">…</div> intercepts pointer events[22m
    [2m    - retrying click action[22m
    [2m    - waiting 20ms[22m
    [2m    2 × waiting for element to be visible, enabled and stable[22m
    [2m      - element is visible, enabled and stable[22m
    [2m      - scrolling into view if needed[22m
    [2m      - done scrolling[22m
    [2m      - <div class="modal-overlay" id="file-manager-modal">…</div> intercepts pointer events[22m
    [2m    - retrying click action[22m
    [2m      - waiting 100ms[22m
    [2m    56 × waiting for element to be visible, enabled and stable[22m
    [2m       - element is visible, enabled and stable[22m
    [2m       - scrolling into view if needed[22m
    [2m       - done scrolling[22m
    [2m       - <div class="modal-overlay" id="file-manager-modal">…</div> intercepts pointer events[22m
    [2m     - retrying click action[22m
    [2m       - waiting 500ms[22m


       99 |
      100 |   test('2-2 second click restores dark theme', async ({ page }) => {
    > 101 |     await page.click('#btn-theme');
          |                ^
      102 |     await page.click('#btn-theme');
      103 |     await expect(page.locator('body')).not.toHaveClass(/light/);
      104 |   });
        at C:\Users\toshi\python\StencilDesinger3\tests\e2e\basic.spec.ts:101:16

    Error Context: test-results\basic-2-Theme-toggle-2-2-second-click-restores-dark-theme-chromium\error-context.md


[1A[2K  7) [chromium] › tests\e2e\basic.spec.ts:95:3 › 2. Theme toggle › 2-1 click Theme applies light class 

    [31mTest timeout of 30000ms exceeded.[39m

    Error: page.click: Test timeout of 30000ms exceeded.
    Call log:
    [2m  - waiting for locator('#btn-theme')[22m
    [2m    - locator resolved to <button id="btn-theme" class="hdr-btn" title="Switch light / dark mode">…</button>[22m
    [2m  - attempting click action[22m
    [2m    2 × waiting for element to be visible, enabled and stable[22m
    [2m      - element is visible, enabled and stable[22m
    [2m      - scrolling into view if needed[22m
    [2m      - done scrolling[22m
    [2m      - <div class="modal-overlay" id="file-manager-modal">…</div> intercepts pointer events[22m
    [2m    - retrying click action[22m
    [2m    - waiting 20ms[22m
    [2m    2 × waiting for element to be visible, enabled and stable[22m
    [2m      - element is visible, enabled and stable[22m
    [2m      - scrolling into view if needed[22m
    [2m      - done scrolling[22m
    [2m      - <div class="modal-overlay" id="file-manager-modal">…</div> intercepts pointer events[22m
    [2m    - retrying click action[22m
    [2m      - waiting 100ms[22m
    [2m    56 × waiting for element to be visible, enabled and stable[22m
    [2m       - element is visible, enabled and stable[22m
    [2m       - scrolling into view if needed[22m
    [2m       - done scrolling[22m
    [2m       - <div class="modal-overlay" id="file-manager-modal">…</div> intercepts pointer events[22m
    [2m     - retrying click action[22m
    [2m       - waiting 500ms[22m


      94 |
      95 |   test('2-1 click Theme applies light class', async ({ page }) => {
    > 96 |     await page.click('#btn-theme');
         |                ^
      97 |     await expect(page.locator('body')).toHaveClass(/light/);
      98 |   });
      99 |
        at C:\Users\toshi\python\StencilDesinger3\tests\e2e\basic.spec.ts:96:16

    Error Context: test-results\basic-2-Theme-toggle-2-1-click-Theme-applies-light-class-chromium\error-context.md


[1A[2K[20/178] [chromium] › tests\e2e\basic.spec.ts:279:3 › 5. Rectangle tool › 5-5 undo removes shape
[1A[2K[21/178] [chromium] › tests\e2e\basic.spec.ts:288:3 › 5. Rectangle tool › 5-6 undo enables redo
[1A[2K  8) [chromium] › tests\e2e\basic.spec.ts:216:3 › 5. Rectangle tool › 5-1 Rect button highlights on click 

    [31mTest timeout of 30000ms exceeded.[39m

    Error: page.click: Test timeout of 30000ms exceeded.
    Call log:
    [2m  - waiting for locator('[data-tool="rect"]')[22m
    [2m    - locator resolved to <button class="tool-btn" data-tool="rect" title="Draw a rectangle (R)">…</button>[22m
    [2m  - attempting click action[22m
    [2m    2 × waiting for element to be visible, enabled and stable[22m
    [2m      - element is visible, enabled and stable[22m
    [2m      - scrolling into view if needed[22m
    [2m      - done scrolling[22m
    [2m      - <div class="modal-overlay" id="file-manager-modal">…</div> intercepts pointer events[22m
    [2m    - retrying click action[22m
    [2m    - waiting 20ms[22m
    [2m    2 × waiting for element to be visible, enabled and stable[22m
    [2m      - element is visible, enabled and stable[22m
    [2m      - scrolling into view if needed[22m
    [2m      - done scrolling[22m
    [2m      - <div class="modal-overlay" id="file-manager-modal">…</div> intercepts pointer events[22m
    [2m    - retrying click action[22m
    [2m      - waiting 100ms[22m
    [2m    55 × waiting for element to be visible, enabled and stable[22m
    [2m       - element is visible, enabled and stable[22m
    [2m       - scrolling into view if needed[22m
    [2m       - done scrolling[22m
    [2m       - <div class="modal-overlay" id="file-manager-modal">…</div> intercepts pointer events[22m
    [2m     - retrying click action[22m
    [2m       - waiting 500ms[22m


      215 |
      216 |   test('5-1 Rect button highlights on click', async ({ page }) => {
    > 217 |     await page.click('[data-tool="rect"]');
          |                ^
      218 |     await expect(page.locator('[data-tool="rect"]')).toHaveClass(/active/);
      219 |   });
      220 |
        at C:\Users\toshi\python\StencilDesinger3\tests\e2e\basic.spec.ts:217:16

    Error Context: test-results\basic-5-Rectangle-tool-5-1-Rect-button-highlights-on-click-chromium\error-context.md


[1A[2K[22/178] [chromium] › tests\e2e\basic.spec.ts:304:3 › 7. Circle tool › 7-1 Circle button highlights
[1A[2K  9) [chromium] › tests\e2e\basic.spec.ts:221:3 › 5. Rectangle tool › 5-2 drawing adds one shape ───

    [31mTest timeout of 30000ms exceeded.[39m

    Error: page.click: Test timeout of 30000ms exceeded.
    Call log:
    [2m  - waiting for locator('[data-tool="rect"]')[22m
    [2m    - locator resolved to <button class="tool-btn" data-tool="rect" title="Draw a rectangle (R)">…</button>[22m
    [2m  - attempting click action[22m
    [2m    2 × waiting for element to be visible, enabled and stable[22m
    [2m      - element is visible, enabled and stable[22m
    [2m      - scrolling into view if needed[22m
    [2m      - done scrolling[22m
    [2m      - <div class="modal-overlay" id="file-manager-modal">…</div> intercepts pointer events[22m
    [2m    - retrying click action[22m
    [2m    - waiting 20ms[22m
    [2m    2 × waiting for element to be visible, enabled and stable[22m
    [2m      - element is visible, enabled and stable[22m
    [2m      - scrolling into view if needed[22m
    [2m      - done scrolling[22m
    [2m      - <div class="modal-overlay" id="file-manager-modal">…</div> intercepts pointer events[22m
    [2m    - retrying click action[22m
    [2m      - waiting 100ms[22m
    [2m    56 × waiting for element to be visible, enabled and stable[22m
    [2m       - element is visible, enabled and stable[22m
    [2m       - scrolling into view if needed[22m
    [2m       - done scrolling[22m
    [2m       - <div class="modal-overlay" id="file-manager-modal">…</div> intercepts pointer events[22m
    [2m     - retrying click action[22m
    [2m       - waiting 500ms[22m


      4 |
      5 | async function drawRect(page: Page, x1: number, y1: number, x2: number, y2: number) {
    > 6 |   await page.click('[data-tool="rect"]');
        |              ^
      7 |   await page.mouse.move(x1, y1);
      8 |   await page.mouse.down();
      9 |   await page.mouse.move(x2, y2);
        at drawRect (C:\Users\toshi\python\StencilDesinger3\tests\e2e\basic.spec.ts:6:14)
        at C:\Users\toshi\python\StencilDesinger3\tests\e2e\basic.spec.ts:223:11

    Error Context: test-results\basic-5-Rectangle-tool-5-2-drawing-adds-one-shape-chromium\error-context.md


[1A[2K  10) [chromium] › tests\e2e\basic.spec.ts:228:3 › 5. Rectangle tool › 5-3 drawn shape has correct bounding box 

    [31mTest timeout of 30000ms exceeded.[39m

    Error: page.click: Test timeout of 30000ms exceeded.
    Call log:
    [2m  - waiting for locator('[data-tool="rect"]')[22m
    [2m    - locator resolved to <button class="tool-btn" data-tool="rect" title="Draw a rectangle (R)">…</button>[22m
    [2m  - attempting click action[22m
    [2m    2 × waiting for element to be visible, enabled and stable[22m
    [2m      - element is visible, enabled and stable[22m
    [2m      - scrolling into view if needed[22m
    [2m      - done scrolling[22m
    [2m      - <div class="modal-overlay" id="file-manager-modal">…</div> intercepts pointer events[22m
    [2m    - retrying click action[22m
    [2m    - waiting 20ms[22m
    [2m    2 × waiting for element to be visible, enabled and stable[22m
    [2m      - element is visible, enabled and stable[22m
    [2m      - scrolling into view if needed[22m
    [2m      - done scrolling[22m
    [2m      - <div class="modal-overlay" id="file-manager-modal">…</div> intercepts pointer events[22m
    [2m    - retrying click action[22m
    [2m      - waiting 100ms[22m
    [2m    56 × waiting for element to be visible, enabled and stable[22m
    [2m       - element is visible, enabled and stable[22m
    [2m       - scrolling into view if needed[22m
    [2m       - done scrolling[22m
    [2m       - <div class="modal-overlay" id="file-manager-modal">…</div> intercepts pointer events[22m
    [2m     - retrying click action[22m
    [2m       - waiting 500ms[22m


      4 |
      5 | async function drawRect(page: Page, x1: number, y1: number, x2: number, y2: number) {
    > 6 |   await page.click('[data-tool="rect"]');
        |              ^
      7 |   await page.mouse.move(x1, y1);
      8 |   await page.mouse.down();
      9 |   await page.mouse.move(x2, y2);
        at drawRect (C:\Users\toshi\python\StencilDesinger3\tests\e2e\basic.spec.ts:6:14)
        at C:\Users\toshi\python\StencilDesinger3\tests\e2e\basic.spec.ts:231:11

    Error Context: test-results\basic-5-Rectangle-tool-5-3-95ef0-pe-has-correct-bounding-box-chromium\error-context.md


[1A[2K[23/178] [chromium] › tests\e2e\basic.spec.ts:309:3 › 7. Circle tool › 7-2 drawing a circle adds one shape
[1A[2K  11) [chromium] › tests\e2e\basic.spec.ts:251:3 › 5. Rectangle tool › 5-4 Shift constraint makes square 

    [31mTest timeout of 30000ms exceeded.[39m

    Error: page.click: Test timeout of 30000ms exceeded.
    Call log:
    [2m  - waiting for locator('[data-tool="rect"]')[22m
    [2m    - locator resolved to <button class="tool-btn" data-tool="rect" title="Draw a rectangle (R)">…</button>[22m
    [2m  - attempting click action[22m
    [2m    2 × waiting for element to be visible, enabled and stable[22m
    [2m      - element is visible, enabled and stable[22m
    [2m      - scrolling into view if needed[22m
    [2m      - done scrolling[22m
    [2m      - <div class="modal-overlay" id="file-manager-modal">…</div> intercepts pointer events[22m
    [2m    - retrying click action[22m
    [2m    - waiting 20ms[22m
    [2m    2 × waiting for element to be visible, enabled and stable[22m
    [2m      - element is visible, enabled and stable[22m
    [2m      - scrolling into view if needed[22m
    [2m      - done scrolling[22m
    [2m      - <div class="modal-overlay" id="file-manager-modal">…</div> intercepts pointer events[22m
    [2m    - retrying click action[22m
    [2m      - waiting 100ms[22m
    [2m    56 × waiting for element to be visible, enabled and stable[22m
    [2m       - element is visible, enabled and stable[22m
    [2m       - scrolling into view if needed[22m
    [2m       - done scrolling[22m
    [2m       - <div class="modal-overlay" id="file-manager-modal">…</div> intercepts pointer events[22m
    [2m     - retrying click action[22m
    [2m       - waiting 500ms[22m


      251 |   test('5-4 Shift constraint makes square', async ({ page }) => {
      252 |     const box = await canvasBox(page);
    > 253 |     await page.click('[data-tool="rect"]');
          |                ^
      254 |     await page.keyboard.down('Shift');
      255 |     await page.mouse.move(box.x + 100, box.y + 100);
      256 |     await page.mouse.down();
        at C:\Users\toshi\python\StencilDesinger3\tests\e2e\basic.spec.ts:253:16

    Error Context: test-results\basic-5-Rectangle-tool-5-4-Shift-constraint-makes-square-chromium\error-context.md


[1A[2K[24/178] [chromium] › tests\e2e\basic.spec.ts:319:3 › 7. Circle tool › 7-3 circle shape has integer coordinates only
[1A[2K[25/178] [chromium] › tests\e2e\basic.spec.ts:336:3 › 7. Circle tool › 7-4 circle has no holes
[1A[2K  12) [chromium] › tests\e2e\basic.spec.ts:288:3 › 5. Rectangle tool › 5-6 undo enables redo ───────

    [31mTest timeout of 30000ms exceeded.[39m

    Error: page.click: Test timeout of 30000ms exceeded.
    Call log:
    [2m  - waiting for locator('[data-tool="rect"]')[22m
    [2m    - locator resolved to <button class="tool-btn" data-tool="rect" title="Draw a rectangle (R)">…</button>[22m
    [2m  - attempting click action[22m
    [2m    2 × waiting for element to be visible, enabled and stable[22m
    [2m      - element is visible, enabled and stable[22m
    [2m      - scrolling into view if needed[22m
    [2m      - done scrolling[22m
    [2m      - <div class="modal-overlay" id="file-manager-modal">…</div> intercepts pointer events[22m
    [2m    - retrying click action[22m
    [2m    - waiting 20ms[22m
    [2m    2 × waiting for element to be visible, enabled and stable[22m
    [2m      - element is visible, enabled and stable[22m
    [2m      - scrolling into view if needed[22m
    [2m      - done scrolling[22m
    [2m      - <div class="modal-overlay" id="file-manager-modal">…</div> intercepts pointer events[22m
    [2m    - retrying click action[22m
    [2m      - waiting 100ms[22m
    [2m    55 × waiting for element to be visible, enabled and stable[22m
    [2m       - element is visible, enabled and stable[22m
    [2m       - scrolling into view if needed[22m
    [2m       - done scrolling[22m
    [2m       - <div class="modal-overlay" id="file-manager-modal">…</div> intercepts pointer events[22m
    [2m     - retrying click action[22m
    [2m       - waiting 500ms[22m


      4 |
      5 | async function drawRect(page: Page, x1: number, y1: number, x2: number, y2: number) {
    > 6 |   await page.click('[data-tool="rect"]');
        |              ^
      7 |   await page.mouse.move(x1, y1);
      8 |   await page.mouse.down();
      9 |   await page.mouse.move(x2, y2);
        at drawRect (C:\Users\toshi\python\StencilDesinger3\tests\e2e\basic.spec.ts:6:14)
        at C:\Users\toshi\python\StencilDesinger3\tests\e2e\basic.spec.ts:290:11

    Error Context: test-results\basic-5-Rectangle-tool-5-6-undo-enables-redo-chromium\error-context.md


[1A[2K  13) [chromium] › tests\e2e\basic.spec.ts:279:3 › 5. Rectangle tool › 5-5 undo removes shape ──────

    [31mTest timeout of 30000ms exceeded.[39m

    Error: page.click: Test timeout of 30000ms exceeded.
    Call log:
    [2m  - waiting for locator('[data-tool="rect"]')[22m
    [2m    - locator resolved to <button class="tool-btn" data-tool="rect" title="Draw a rectangle (R)">…</button>[22m
    [2m  - attempting click action[22m
    [2m    2 × waiting for element to be visible, enabled and stable[22m
    [2m      - element is visible, enabled and stable[22m
    [2m      - scrolling into view if needed[22m
    [2m      - done scrolling[22m
    [2m      - <div class="modal-overlay" id="file-manager-modal">…</div> intercepts pointer events[22m
    [2m    - retrying click action[22m
    [2m    - waiting 20ms[22m
    [2m    2 × waiting for element to be visible, enabled and stable[22m
    [2m      - element is visible, enabled and stable[22m
    [2m      - scrolling into view if needed[22m
    [2m      - done scrolling[22m
    [2m      - <div class="modal-overlay" id="file-manager-modal">…</div> intercepts pointer events[22m
    [2m    - retrying click action[22m
    [2m      - waiting 100ms[22m
    [2m    55 × waiting for element to be visible, enabled and stable[22m
    [2m       - element is visible, enabled and stable[22m
    [2m       - scrolling into view if needed[22m
    [2m       - done scrolling[22m
    [2m       - <div class="modal-overlay" id="file-manager-modal">…</div> intercepts pointer events[22m
    [2m     - retrying click action[22m
    [2m       - waiting 500ms[22m


      4 |
      5 | async function drawRect(page: Page, x1: number, y1: number, x2: number, y2: number) {
    > 6 |   await page.click('[data-tool="rect"]');
        |              ^
      7 |   await page.mouse.move(x1, y1);
      8 |   await page.mouse.down();
      9 |   await page.mouse.move(x2, y2);
        at drawRect (C:\Users\toshi\python\StencilDesinger3\tests\e2e\basic.spec.ts:6:14)
        at C:\Users\toshi\python\StencilDesinger3\tests\e2e\basic.spec.ts:281:11

    Error Context: test-results\basic-5-Rectangle-tool-5-5-undo-removes-shape-chromium\error-context.md


[1A[2K[26/178] [chromium] › tests\e2e\basic.spec.ts:368:3 › 8. Selection › 8-2 right panel shows selection info
[1A[2K[27/178] [chromium] › tests\e2e\basic.spec.ts:362:3 › 8. Selection › 8-1 clicking shape selects it
[1A[2K  14) [chromium] › tests\e2e\basic.spec.ts:304:3 › 7. Circle tool › 7-1 Circle button highlights ───

    [31mTest timeout of 30000ms exceeded.[39m

    Error: page.click: Test timeout of 30000ms exceeded.
    Call log:
    [2m  - waiting for locator('[data-tool="circle"]')[22m
    [2m    - locator resolved to <button class="tool-btn" data-tool="circle" title="Draw a circle (C)">…</button>[22m
    [2m  - attempting click action[22m
    [2m    2 × waiting for element to be visible, enabled and stable[22m
    [2m      - element is visible, enabled and stable[22m
    [2m      - scrolling into view if needed[22m
    [2m      - done scrolling[22m
    [2m      - <div class="modal-overlay" id="file-manager-modal">…</div> intercepts pointer events[22m
    [2m    - retrying click action[22m
    [2m    - waiting 20ms[22m
    [2m    2 × waiting for element to be visible, enabled and stable[22m
    [2m      - element is visible, enabled and stable[22m
    [2m      - scrolling into view if needed[22m
    [2m      - done scrolling[22m
    [2m      - <div class="modal-overlay" id="file-manager-modal">…</div> intercepts pointer events[22m
    [2m    - retrying click action[22m
    [2m      - waiting 100ms[22m
    [2m    55 × waiting for element to be visible, enabled and stable[22m
    [2m       - element is visible, enabled and stable[22m
    [2m       - scrolling into view if needed[22m
    [2m       - done scrolling[22m
    [2m       - <div class="modal-overlay" id="file-manager-modal">…</div> intercepts pointer events[22m
    [2m     - retrying click action[22m
    [2m       - waiting 500ms[22m


      303 |
      304 |   test('7-1 Circle button highlights', async ({ page }) => {
    > 305 |     await page.click('[data-tool="circle"]');
          |                ^
      306 |     await expect(page.locator('[data-tool="circle"]')).toHaveClass(/active/);
      307 |   });
      308 |
        at C:\Users\toshi\python\StencilDesinger3\tests\e2e\basic.spec.ts:305:16

    Error Context: test-results\basic-7-Circle-tool-7-1-Circle-button-highlights-chromium\error-context.md


[1A[2K[28/178] [chromium] › tests\e2e\basic.spec.ts:374:3 › 8. Selection › 8-3 footer W/H update on selection
[1A[2K  15) [chromium] › tests\e2e\basic.spec.ts:309:3 › 7. Circle tool › 7-2 drawing a circle adds one shape 

    [31mTest timeout of 30000ms exceeded.[39m

    Error: page.click: Test timeout of 30000ms exceeded.
    Call log:
    [2m  - waiting for locator('[data-tool="circle"]')[22m
    [2m    - locator resolved to <button class="tool-btn" data-tool="circle" title="Draw a circle (C)">…</button>[22m
    [2m  - attempting click action[22m
    [2m    2 × waiting for element to be visible, enabled and stable[22m
    [2m      - element is visible, enabled and stable[22m
    [2m      - scrolling into view if needed[22m
    [2m      - done scrolling[22m
    [2m      - <div class="modal-overlay" id="file-manager-modal">…</div> intercepts pointer events[22m
    [2m    - retrying click action[22m
    [2m    - waiting 20ms[22m
    [2m    2 × waiting for element to be visible, enabled and stable[22m
    [2m      - element is visible, enabled and stable[22m
    [2m      - scrolling into view if needed[22m
    [2m      - done scrolling[22m
    [2m      - <div class="modal-overlay" id="file-manager-modal">…</div> intercepts pointer events[22m
    [2m    - retrying click action[22m
    [2m      - waiting 100ms[22m
    [2m    56 × waiting for element to be visible, enabled and stable[22m
    [2m       - element is visible, enabled and stable[22m
    [2m       - scrolling into view if needed[22m
    [2m       - done scrolling[22m
    [2m       - <div class="modal-overlay" id="file-manager-modal">…</div> intercepts pointer events[22m
    [2m     - retrying click action[22m
    [2m       - waiting 500ms[22m


      309 |   test('7-2 drawing a circle adds one shape', async ({ page }) => {
      310 |     const box = await canvasBox(page);
    > 311 |     await page.click('[data-tool="circle"]');
          |                ^
      312 |     await page.mouse.move(box.x + 300, box.y + 200);
      313 |     await page.mouse.down();
      314 |     await page.mouse.move(box.x + 400, box.y + 200);
        at C:\Users\toshi\python\StencilDesinger3\tests\e2e\basic.spec.ts:311:16

    Error Context: test-results\basic-7-Circle-tool-7-2-drawing-a-circle-adds-one-shape-chromium\error-context.md


[1A[2K  16) [chromium] › tests\e2e\basic.spec.ts:319:3 › 7. Circle tool › 7-3 circle shape has integer coordinates only 

    [31mTest timeout of 30000ms exceeded.[39m

    Error: page.click: Test timeout of 30000ms exceeded.
    Call log:
    [2m  - waiting for locator('[data-tool="circle"]')[22m
    [2m    - locator resolved to <button class="tool-btn" data-tool="circle" title="Draw a circle (C)">…</button>[22m
    [2m  - attempting click action[22m
    [2m    2 × waiting for element to be visible, enabled and stable[22m
    [2m      - element is visible, enabled and stable[22m
    [2m      - scrolling into view if needed[22m
    [2m      - done scrolling[22m
    [2m      - <div class="modal-overlay" id="file-manager-modal">…</div> intercepts pointer events[22m
    [2m    - retrying click action[22m
    [2m    - waiting 20ms[22m
    [2m    2 × waiting for element to be visible, enabled and stable[22m
    [2m      - element is visible, enabled and stable[22m
    [2m      - scrolling into view if needed[22m
    [2m      - done scrolling[22m
    [2m      - <div class="modal-overlay" id="file-manager-modal">…</div> intercepts pointer events[22m
    [2m    - retrying click action[22m
    [2m      - waiting 100ms[22m
    [2m    55 × waiting for element to be visible, enabled and stable[22m
    [2m       - element is visible, enabled and stable[22m
    [2m       - scrolling into view if needed[22m
    [2m       - done scrolling[22m
    [2m       - <div class="modal-overlay" id="file-manager-modal">…</div> intercepts pointer events[22m
    [2m     - retrying click action[22m
    [2m       - waiting 500ms[22m


      319 |   test('7-3 circle shape has integer coordinates only', async ({ page }) => {
      320 |     const box = await canvasBox(page);
    > 321 |     await page.click('[data-tool="circle"]');
          |                ^
      322 |     await page.mouse.move(box.x + 300, box.y + 200);
      323 |     await page.mouse.down();
      324 |     await page.mouse.move(box.x + 400, box.y + 200);
        at C:\Users\toshi\python\StencilDesinger3\tests\e2e\basic.spec.ts:321:16

    Error Context: test-results\basic-7-Circle-tool-7-3-ci-b9782-as-integer-coordinates-only-chromium\error-context.md


[1A[2K[29/178] [chromium] › tests\e2e\basic.spec.ts:382:3 › 8. Selection › 8-4 click empty area deselects
[1A[2K  17) [chromium] › tests\e2e\basic.spec.ts:336:3 › 7. Circle tool › 7-4 circle has no holes ────────

    [31mTest timeout of 30000ms exceeded.[39m

    Error: page.click: Test timeout of 30000ms exceeded.
    Call log:
    [2m  - waiting for locator('[data-tool="circle"]')[22m
    [2m    - locator resolved to <button class="tool-btn" data-tool="circle" title="Draw a circle (C)">…</button>[22m
    [2m  - attempting click action[22m
    [2m    2 × waiting for element to be visible, enabled and stable[22m
    [2m      - element is visible, enabled and stable[22m
    [2m      - scrolling into view if needed[22m
    [2m      - done scrolling[22m
    [2m      - <div class="modal-overlay" id="file-manager-modal">…</div> intercepts pointer events[22m
    [2m    - retrying click action[22m
    [2m    - waiting 20ms[22m
    [2m    2 × waiting for element to be visible, enabled and stable[22m
    [2m      - element is visible, enabled and stable[22m
    [2m      - scrolling into view if needed[22m
    [2m      - done scrolling[22m
    [2m      - <div class="modal-overlay" id="file-manager-modal">…</div> intercepts pointer events[22m
    [2m    - retrying click action[22m
    [2m      - waiting 100ms[22m
    [2m    55 × waiting for element to be visible, enabled and stable[22m
    [2m       - element is visible, enabled and stable[22m
    [2m       - scrolling into view if needed[22m
    [2m       - done scrolling[22m
    [2m       - <div class="modal-overlay" id="file-manager-modal">…</div> intercepts pointer events[22m
    [2m     - retrying click action[22m
    [2m       - waiting 500ms[22m


      336 |   test('7-4 circle has no holes', async ({ page }) => {
      337 |     const box = await canvasBox(page);
    > 338 |     await page.click('[data-tool="circle"]');
          |                ^
      339 |     await page.mouse.move(box.x + 300, box.y + 200);
      340 |     await page.mouse.down();
      341 |     await page.mouse.move(box.x + 450, box.y + 200);
        at C:\Users\toshi\python\StencilDesinger3\tests\e2e\basic.spec.ts:338:16

    Error Context: test-results\basic-7-Circle-tool-7-4-circle-has-no-holes-chromium\error-context.md


[1A[2K[30/178] [chromium] › tests\e2e\basic.spec.ts:390:3 › 8. Selection › 8-5 Shift+click adds to selection
[1A[2K[31/178] [chromium] › tests\e2e\basic.spec.ts:414:3 › 9. Move (drag) › 9-1 dragging moves shape position
[1A[2K  18) [chromium] › tests\e2e\basic.spec.ts:368:3 › 8. Selection › 8-2 right panel shows selection info 

    [31mTest timeout of 30000ms exceeded while running "beforeEach" hook.[39m

      353 |
      354 | test.describe('8. Selection', () => {
    > 355 |   test.beforeEach(async ({ page }) => {
          |        ^
      356 |     await page.goto('/');
      357 |     await page.waitForLoadState('networkidle');
      358 |     const box = await canvasBox(page);
        at C:\Users\toshi\python\StencilDesinger3\tests\e2e\basic.spec.ts:355:8

    Error: page.click: Test timeout of 30000ms exceeded.
    Call log:
    [2m  - waiting for locator('[data-tool="rect"]')[22m
    [2m    - locator resolved to <button class="tool-btn" data-tool="rect" title="Draw a rectangle (R)">…</button>[22m
    [2m  - attempting click action[22m
    [2m    2 × waiting for element to be visible, enabled and stable[22m
    [2m      - element is visible, enabled and stable[22m
    [2m      - scrolling into view if needed[22m
    [2m      - done scrolling[22m
    [2m      - <div class="modal-overlay" id="file-manager-modal">…</div> intercepts pointer events[22m
    [2m    - retrying click action[22m
    [2m    - waiting 20ms[22m
    [2m    2 × waiting for element to be visible, enabled and stable[22m
    [2m      - element is visible, enabled and stable[22m
    [2m      - scrolling into view if needed[22m
    [2m      - done scrolling[22m
    [2m      - <div class="modal-overlay" id="file-manager-modal">…</div> intercepts pointer events[22m
    [2m    - retrying click action[22m
    [2m      - waiting 100ms[22m
    [2m    56 × waiting for element to be visible, enabled and stable[22m
    [2m       - element is visible, enabled and stable[22m
    [2m       - scrolling into view if needed[22m
    [2m       - done scrolling[22m
    [2m       - <div class="modal-overlay" id="file-manager-modal">…</div> intercepts pointer events[22m
    [2m     - retrying click action[22m
    [2m       - waiting 500ms[22m


      4 |
      5 | async function drawRect(page: Page, x1: number, y1: number, x2: number, y2: number) {
    > 6 |   await page.click('[data-tool="rect"]');
        |              ^
      7 |   await page.mouse.move(x1, y1);
      8 |   await page.mouse.down();
      9 |   await page.mouse.move(x2, y2);
        at drawRect (C:\Users\toshi\python\StencilDesinger3\tests\e2e\basic.spec.ts:6:14)
        at C:\Users\toshi\python\StencilDesinger3\tests\e2e\basic.spec.ts:359:11

    Error Context: test-results\basic-8-Selection-8-2-right-panel-shows-selection-info-chromium\error-context.md


[1A[2K  19) [chromium] › tests\e2e\basic.spec.ts:362:3 › 8. Selection › 8-1 clicking shape selects it ────

    [31mTest timeout of 30000ms exceeded while running "beforeEach" hook.[39m

      353 |
      354 | test.describe('8. Selection', () => {
    > 355 |   test.beforeEach(async ({ page }) => {
          |        ^
      356 |     await page.goto('/');
      357 |     await page.waitForLoadState('networkidle');
      358 |     const box = await canvasBox(page);
        at C:\Users\toshi\python\StencilDesinger3\tests\e2e\basic.spec.ts:355:8

    Error: page.click: Test timeout of 30000ms exceeded.
    Call log:
    [2m  - waiting for locator('[data-tool="rect"]')[22m
    [2m    - locator resolved to <button class="tool-btn" data-tool="rect" title="Draw a rectangle (R)">…</button>[22m
    [2m  - attempting click action[22m
    [2m    2 × waiting for element to be visible, enabled and stable[22m
    [2m      - element is visible, enabled and stable[22m
    [2m      - scrolling into view if needed[22m
    [2m      - done scrolling[22m
    [2m      - <div class="modal-overlay" id="file-manager-modal">…</div> intercepts pointer events[22m
    [2m    - retrying click action[22m
    [2m    - waiting 20ms[22m
    [2m    2 × waiting for element to be visible, enabled and stable[22m
    [2m      - element is visible, enabled and stable[22m
    [2m      - scrolling into view if needed[22m
    [2m      - done scrolling[22m
    [2m      - <div class="modal-overlay" id="file-manager-modal">…</div> intercepts pointer events[22m
    [2m    - retrying click action[22m
    [2m      - waiting 100ms[22m
    [2m    56 × waiting for element to be visible, enabled and stable[22m
    [2m       - element is visible, enabled and stable[22m
    [2m       - scrolling into view if needed[22m
    [2m       - done scrolling[22m
    [2m       - <div class="modal-overlay" id="file-manager-modal">…</div> intercepts pointer events[22m
    [2m     - retrying click action[22m
    [2m       - waiting 500ms[22m


      4 |
      5 | async function drawRect(page: Page, x1: number, y1: number, x2: number, y2: number) {
    > 6 |   await page.click('[data-tool="rect"]');
        |              ^
      7 |   await page.mouse.move(x1, y1);
      8 |   await page.mouse.down();
      9 |   await page.mouse.move(x2, y2);
        at drawRect (C:\Users\toshi\python\StencilDesinger3\tests\e2e\basic.spec.ts:6:14)
        at C:\Users\toshi\python\StencilDesinger3\tests\e2e\basic.spec.ts:359:11

    Error Context: test-results\basic-8-Selection-8-1-clicking-shape-selects-it-chromium\error-context.md


[1A[2K[32/178] [chromium] › tests\e2e\basic.spec.ts:436:3 › 9. Move (drag) › 9-2 undo restores original position
[1A[2K[33/178] [chromium] › tests\e2e\basic.spec.ts:476:3 › 10. Delete › 10-1 Delete button removes selected shape
[1A[2K  20) [chromium] › tests\e2e\basic.spec.ts:374:3 › 8. Selection › 8-3 footer W/H update on selection 

    [31mTest timeout of 30000ms exceeded while running "beforeEach" hook.[39m

      353 |
      354 | test.describe('8. Selection', () => {
    > 355 |   test.beforeEach(async ({ page }) => {
          |        ^
      356 |     await page.goto('/');
      357 |     await page.waitForLoadState('networkidle');
      358 |     const box = await canvasBox(page);
        at C:\Users\toshi\python\StencilDesinger3\tests\e2e\basic.spec.ts:355:8

    Error: page.click: Test timeout of 30000ms exceeded.
    Call log:
    [2m  - waiting for locator('[data-tool="rect"]')[22m
    [2m    - locator resolved to <button class="tool-btn" data-tool="rect" title="Draw a rectangle (R)">…</button>[22m
    [2m  - attempting click action[22m
    [2m    2 × waiting for element to be visible, enabled and stable[22m
    [2m      - element is visible, enabled and stable[22m
    [2m      - scrolling into view if needed[22m
    [2m      - done scrolling[22m
    [2m      - <div class="modal-overlay" id="file-manager-modal">…</div> intercepts pointer events[22m
    [2m    - retrying click action[22m
    [2m    - waiting 20ms[22m
    [2m    2 × waiting for element to be visible, enabled and stable[22m
    [2m      - element is visible, enabled and stable[22m
    [2m      - scrolling into view if needed[22m
    [2m      - done scrolling[22m
    [2m      - <div class="modal-overlay" id="file-manager-modal">…</div> intercepts pointer events[22m
    [2m    - retrying click action[22m
    [2m      - waiting 100ms[22m
    [2m    56 × waiting for element to be visible, enabled and stable[22m
    [2m       - element is visible, enabled and stable[22m
    [2m       - scrolling into view if needed[22m
    [2m       - done scrolling[22m
    [2m       - <div class="modal-overlay" id="file-manager-modal">…</div> intercepts pointer events[22m
    [2m     - retrying click action[22m
    [2m       - waiting 500ms[22m


      4 |
      5 | async function drawRect(page: Page, x1: number, y1: number, x2: number, y2: number) {
    > 6 |   await page.click('[data-tool="rect"]');
        |              ^
      7 |   await page.mouse.move(x1, y1);
      8 |   await page.mouse.down();
      9 |   await page.mouse.move(x2, y2);
        at drawRect (C:\Users\toshi\python\StencilDesinger3\tests\e2e\basic.spec.ts:6:14)
        at C:\Users\toshi\python\StencilDesinger3\tests\e2e\basic.spec.ts:359:11

    Error Context: test-results\basic-8-Selection-8-3-footer-W-H-update-on-selection-chromium\error-context.md


[1A[2K[34/178] [chromium] › tests\e2e\basic.spec.ts:483:3 › 10. Delete › 10-2 Delete key removes selected shape
[1A[2K  21) [chromium] › tests\e2e\basic.spec.ts:382:3 › 8. Selection › 8-4 click empty area deselects ───

    [31mTest timeout of 30000ms exceeded while running "beforeEach" hook.[39m

      353 |
      354 | test.describe('8. Selection', () => {
    > 355 |   test.beforeEach(async ({ page }) => {
          |        ^
      356 |     await page.goto('/');
      357 |     await page.waitForLoadState('networkidle');
      358 |     const box = await canvasBox(page);
        at C:\Users\toshi\python\StencilDesinger3\tests\e2e\basic.spec.ts:355:8

    Error: page.click: Test timeout of 30000ms exceeded.
    Call log:
    [2m  - waiting for locator('[data-tool="rect"]')[22m
    [2m    - locator resolved to <button class="tool-btn" data-tool="rect" title="Draw a rectangle (R)">…</button>[22m
    [2m  - attempting click action[22m
    [2m    2 × waiting for element to be visible, enabled and stable[22m
    [2m      - element is visible, enabled and stable[22m
    [2m      - scrolling into view if needed[22m
    [2m      - done scrolling[22m
    [2m      - <div class="modal-overlay" id="file-manager-modal">…</div> intercepts pointer events[22m
    [2m    - retrying click action[22m
    [2m    - waiting 20ms[22m
    [2m    2 × waiting for element to be visible, enabled and stable[22m
    [2m      - element is visible, enabled and stable[22m
    [2m      - scrolling into view if needed[22m
    [2m      - done scrolling[22m
    [2m      - <div class="modal-overlay" id="file-manager-modal">…</div> intercepts pointer events[22m
    [2m    - retrying click action[22m
    [2m      - waiting 100ms[22m
    [2m    56 × waiting for element to be visible, enabled and stable[22m
    [2m       - element is visible, enabled and stable[22m
    [2m       - scrolling into view if needed[22m
    [2m       - done scrolling[22m
    [2m       - <div class="modal-overlay" id="file-manager-modal">…</div> intercepts pointer events[22m
    [2m     - retrying click action[22m
    [2m       - waiting 500ms[22m


      4 |
      5 | async function drawRect(page: Page, x1: number, y1: number, x2: number, y2: number) {
    > 6 |   await page.click('[data-tool="rect"]');
        |              ^
      7 |   await page.mouse.move(x1, y1);
      8 |   await page.mouse.down();
      9 |   await page.mouse.move(x2, y2);
        at drawRect (C:\Users\toshi\python\StencilDesinger3\tests\e2e\basic.spec.ts:6:14)
        at C:\Users\toshi\python\StencilDesinger3\tests\e2e\basic.spec.ts:359:11

    Error Context: test-results\basic-8-Selection-8-4-click-empty-area-deselects-chromium\error-context.md


[1A[2K  22) [chromium] › tests\e2e\basic.spec.ts:390:3 › 8. Selection › 8-5 Shift+click adds to selection 

    [31mTest timeout of 30000ms exceeded while running "beforeEach" hook.[39m

      353 |
      354 | test.describe('8. Selection', () => {
    > 355 |   test.beforeEach(async ({ page }) => {
          |        ^
      356 |     await page.goto('/');
      357 |     await page.waitForLoadState('networkidle');
      358 |     const box = await canvasBox(page);
        at C:\Users\toshi\python\StencilDesinger3\tests\e2e\basic.spec.ts:355:8

    Error: page.click: Test timeout of 30000ms exceeded.
    Call log:
    [2m  - waiting for locator('[data-tool="rect"]')[22m
    [2m    - locator resolved to <button class="tool-btn" data-tool="rect" title="Draw a rectangle (R)">…</button>[22m
    [2m  - attempting click action[22m
    [2m    2 × waiting for element to be visible, enabled and stable[22m
    [2m      - element is visible, enabled and stable[22m
    [2m      - scrolling into view if needed[22m
    [2m      - done scrolling[22m
    [2m      - <div class="modal-overlay" id="file-manager-modal">…</div> intercepts pointer events[22m
    [2m    - retrying click action[22m
    [2m    - waiting 20ms[22m
    [2m    2 × waiting for element to be visible, enabled and stable[22m
    [2m      - element is visible, enabled and stable[22m
    [2m      - scrolling into view if needed[22m
    [2m      - done scrolling[22m
    [2m      - <div class="modal-overlay" id="file-manager-modal">…</div> intercepts pointer events[22m
    [2m    - retrying click action[22m
    [2m      - waiting 100ms[22m
    [2m    56 × waiting for element to be visible, enabled and stable[22m
    [2m       - element is visible, enabled and stable[22m
    [2m       - scrolling into view if needed[22m
    [2m       - done scrolling[22m
    [2m       - <div class="modal-overlay" id="file-manager-modal">…</div> intercepts pointer events[22m
    [2m     - retrying click action[22m
    [2m       - waiting 500ms[22m


      4 |
      5 | async function drawRect(page: Page, x1: number, y1: number, x2: number, y2: number) {
    > 6 |   await page.click('[data-tool="rect"]');
        |              ^
      7 |   await page.mouse.move(x1, y1);
      8 |   await page.mouse.down();
      9 |   await page.mouse.move(x2, y2);
        at drawRect (C:\Users\toshi\python\StencilDesinger3\tests\e2e\basic.spec.ts:6:14)
        at C:\Users\toshi\python\StencilDesinger3\tests\e2e\basic.spec.ts:359:11

    Error Context: test-results\basic-8-Selection-8-5-Shift-click-adds-to-selection-chromium\error-context.md


[1A[2K[35/178] [chromium] › tests\e2e\basic.spec.ts:491:3 › 10. Delete › 10-3 undo restores deleted shape
[1A[2K  23) [chromium] › tests\e2e\basic.spec.ts:414:3 › 9. Move (drag) › 9-1 dragging moves shape position 

    [31mTest timeout of 30000ms exceeded while running "beforeEach" hook.[39m

      405 |
      406 | test.describe('9. Move (drag)', () => {
    > 407 |   test.beforeEach(async ({ page }) => {
          |        ^
      408 |     await page.goto('/');
      409 |     await page.waitForLoadState('networkidle');
      410 |     const box = await canvasBox(page);
        at C:\Users\toshi\python\StencilDesinger3\tests\e2e\basic.spec.ts:407:8

    Error: page.click: Test timeout of 30000ms exceeded.
    Call log:
    [2m  - waiting for locator('[data-tool="rect"]')[22m
    [2m    - locator resolved to <button class="tool-btn" data-tool="rect" title="Draw a rectangle (R)">…</button>[22m
    [2m  - attempting click action[22m
    [2m    2 × waiting for element to be visible, enabled and stable[22m
    [2m      - element is visible, enabled and stable[22m
    [2m      - scrolling into view if needed[22m
    [2m      - done scrolling[22m
    [2m      - <div class="modal-overlay" id="file-manager-modal">…</div> intercepts pointer events[22m
    [2m    - retrying click action[22m
    [2m    - waiting 20ms[22m
    [2m    2 × waiting for element to be visible, enabled and stable[22m
    [2m      - element is visible, enabled and stable[22m
    [2m      - scrolling into view if needed[22m
    [2m      - done scrolling[22m
    [2m      - <div class="modal-overlay" id="file-manager-modal">…</div> intercepts pointer events[22m
    [2m    - retrying click action[22m
    [2m      - waiting 100ms[22m
    [2m    56 × waiting for element to be visible, enabled and stable[22m
    [2m       - element is visible, enabled and stable[22m
    [2m       - scrolling into view if needed[22m
    [2m       - done scrolling[22m
    [2m       - <div class="modal-overlay" id="file-manager-modal">…</div> intercepts pointer events[22m
    [2m     - retrying click action[22m
    [2m       - waiting 500ms[22m
    [2m    - waiting for element to be visible, enabled and stable[22m


      4 |
      5 | async function drawRect(page: Page, x1: number, y1: number, x2: number, y2: number) {
    > 6 |   await page.click('[data-tool="rect"]');
        |              ^
      7 |   await page.mouse.move(x1, y1);
      8 |   await page.mouse.down();
      9 |   await page.mouse.move(x2, y2);
        at drawRect (C:\Users\toshi\python\StencilDesinger3\tests\e2e\basic.spec.ts:6:14)
        at C:\Users\toshi\python\StencilDesinger3\tests\e2e\basic.spec.ts:411:11

    Error Context: test-results\basic-9-Move-drag-9-1-dragging-moves-shape-position-chromium\error-context.md


[1A[2K[36/178] [chromium] › tests\e2e\basic.spec.ts:512:3 › 11. Copy › 11-1 Copy adds one more shape
[1A[2K[37/178] [chromium] › tests\e2e\basic.spec.ts:523:3 › 11. Copy › 11-2 undo removes copy
[1A[2K  24) [chromium] › tests\e2e\basic.spec.ts:436:3 › 9. Move (drag) › 9-2 undo restores original position 

    [31mTest timeout of 30000ms exceeded while running "beforeEach" hook.[39m

      405 |
      406 | test.describe('9. Move (drag)', () => {
    > 407 |   test.beforeEach(async ({ page }) => {
          |        ^
      408 |     await page.goto('/');
      409 |     await page.waitForLoadState('networkidle');
      410 |     const box = await canvasBox(page);
        at C:\Users\toshi\python\StencilDesinger3\tests\e2e\basic.spec.ts:407:8

    Error: page.click: Test timeout of 30000ms exceeded.
    Call log:
    [2m  - waiting for locator('[data-tool="rect"]')[22m
    [2m    - locator resolved to <button class="tool-btn" data-tool="rect" title="Draw a rectangle (R)">…</button>[22m
    [2m  - attempting click action[22m
    [2m    2 × waiting for element to be visible, enabled and stable[22m
    [2m      - element is visible, enabled and stable[22m
    [2m      - scrolling into view if needed[22m
    [2m      - done scrolling[22m
    [2m      - <div class="modal-overlay" id="file-manager-modal">…</div> intercepts pointer events[22m
    [2m    - retrying click action[22m
    [2m    - waiting 20ms[22m
    [2m    2 × waiting for element to be visible, enabled and stable[22m
    [2m      - element is visible, enabled and stable[22m
    [2m      - scrolling into view if needed[22m
    [2m      - done scrolling[22m
    [2m      - <div class="modal-overlay" id="file-manager-modal">…</div> intercepts pointer events[22m
    [2m    - retrying click action[22m
    [2m      - waiting 100ms[22m
    [2m    56 × waiting for element to be visible, enabled and stable[22m
    [2m       - element is visible, enabled and stable[22m
    [2m       - scrolling into view if needed[22m
    [2m       - done scrolling[22m
    [2m       - <div class="modal-overlay" id="file-manager-modal">…</div> intercepts pointer events[22m
    [2m     - retrying click action[22m
    [2m       - waiting 500ms[22m


      4 |
      5 | async function drawRect(page: Page, x1: number, y1: number, x2: number, y2: number) {
    > 6 |   await page.click('[data-tool="rect"]');
        |              ^
      7 |   await page.mouse.move(x1, y1);
      8 |   await page.mouse.down();
      9 |   await page.mouse.move(x2, y2);
        at drawRect (C:\Users\toshi\python\StencilDesinger3\tests\e2e\basic.spec.ts:6:14)
        at C:\Users\toshi\python\StencilDesinger3\tests\e2e\basic.spec.ts:411:11

    Error Context: test-results\basic-9-Move-drag-9-2-undo-restores-original-position-chromium\error-context.md


[1A[2K  25) [chromium] › tests\e2e\basic.spec.ts:476:3 › 10. Delete › 10-1 Delete button removes selected shape 

    [31mTest timeout of 30000ms exceeded while running "beforeEach" hook.[39m

      467 |
      468 | test.describe('10. Delete', () => {
    > 469 |   test.beforeEach(async ({ page }) => {
          |        ^
      470 |     await page.goto('/');
      471 |     await page.waitForLoadState('networkidle');
      472 |     const box = await canvasBox(page);
        at C:\Users\toshi\python\StencilDesinger3\tests\e2e\basic.spec.ts:469:8

    Error: page.click: Test timeout of 30000ms exceeded.
    Call log:
    [2m  - waiting for locator('[data-tool="rect"]')[22m
    [2m    - locator resolved to <button class="tool-btn" data-tool="rect" title="Draw a rectangle (R)">…</button>[22m
    [2m  - attempting click action[22m
    [2m    2 × waiting for element to be visible, enabled and stable[22m
    [2m      - element is visible, enabled and stable[22m
    [2m      - scrolling into view if needed[22m
    [2m      - done scrolling[22m
    [2m      - <div class="modal-overlay" id="file-manager-modal">…</div> intercepts pointer events[22m
    [2m    - retrying click action[22m
    [2m    - waiting 20ms[22m
    [2m    2 × waiting for element to be visible, enabled and stable[22m
    [2m      - element is visible, enabled and stable[22m
    [2m      - scrolling into view if needed[22m
    [2m      - done scrolling[22m
    [2m      - <div class="modal-overlay" id="file-manager-modal">…</div> intercepts pointer events[22m
    [2m    - retrying click action[22m
    [2m      - waiting 100ms[22m
    [2m    56 × waiting for element to be visible, enabled and stable[22m
    [2m       - element is visible, enabled and stable[22m
    [2m       - scrolling into view if needed[22m
    [2m       - done scrolling[22m
    [2m       - <div class="modal-overlay" id="file-manager-modal">…</div> intercepts pointer events[22m
    [2m     - retrying click action[22m
    [2m       - waiting 500ms[22m


      4 |
      5 | async function drawRect(page: Page, x1: number, y1: number, x2: number, y2: number) {
    > 6 |   await page.click('[data-tool="rect"]');
        |              ^
      7 |   await page.mouse.move(x1, y1);
      8 |   await page.mouse.down();
      9 |   await page.mouse.move(x2, y2);
        at drawRect (C:\Users\toshi\python\StencilDesinger3\tests\e2e\basic.spec.ts:6:14)
        at C:\Users\toshi\python\StencilDesinger3\tests\e2e\basic.spec.ts:473:11

    Error Context: test-results\basic-10-Delete-10-1-Delete-button-removes-selected-shape-chromium\error-context.md


[1A[2K[38/178] [chromium] › tests\e2e\basic.spec.ts:547:3 › 12. Array copy › 12-1 3×3 array creates 9 shapes total
[1A[2K[39/178] [chromium] › tests\e2e\basic.spec.ts:560:3 › 12. Array copy › 12-2 2×1 array creates 2 shapes
[1A[2K  26) [chromium] › tests\e2e\basic.spec.ts:483:3 › 10. Delete › 10-2 Delete key removes selected shape 

    [31mTest timeout of 30000ms exceeded while running "beforeEach" hook.[39m

      467 |
      468 | test.describe('10. Delete', () => {
    > 469 |   test.beforeEach(async ({ page }) => {
          |        ^
      470 |     await page.goto('/');
      471 |     await page.waitForLoadState('networkidle');
      472 |     const box = await canvasBox(page);
        at C:\Users\toshi\python\StencilDesinger3\tests\e2e\basic.spec.ts:469:8

    Error: page.click: Test timeout of 30000ms exceeded.
    Call log:
    [2m  - waiting for locator('[data-tool="rect"]')[22m
    [2m    - locator resolved to <button class="tool-btn" data-tool="rect" title="Draw a rectangle (R)">…</button>[22m
    [2m  - attempting click action[22m
    [2m    2 × waiting for element to be visible, enabled and stable[22m
    [2m      - element is visible, enabled and stable[22m
    [2m      - scrolling into view if needed[22m
    [2m      - done scrolling[22m
    [2m      - <div class="modal-overlay" id="file-manager-modal">…</div> intercepts pointer events[22m
    [2m    - retrying click action[22m
    [2m    - waiting 20ms[22m
    [2m    2 × waiting for element to be visible, enabled and stable[22m
    [2m      - element is visible, enabled and stable[22m
    [2m      - scrolling into view if needed[22m
    [2m      - done scrolling[22m
    [2m      - <div class="modal-overlay" id="file-manager-modal">…</div> intercepts pointer events[22m
    [2m    - retrying click action[22m
    [2m      - waiting 100ms[22m
    [2m    57 × waiting for element to be visible, enabled and stable[22m
    [2m       - element is visible, enabled and stable[22m
    [2m       - scrolling into view if needed[22m
    [2m       - done scrolling[22m
    [2m       - <div class="modal-overlay" id="file-manager-modal">…</div> intercepts pointer events[22m
    [2m     - retrying click action[22m
    [2m       - waiting 500ms[22m


      4 |
      5 | async function drawRect(page: Page, x1: number, y1: number, x2: number, y2: number) {
    > 6 |   await page.click('[data-tool="rect"]');
        |              ^
      7 |   await page.mouse.move(x1, y1);
      8 |   await page.mouse.down();
      9 |   await page.mouse.move(x2, y2);
        at drawRect (C:\Users\toshi\python\StencilDesinger3\tests\e2e\basic.spec.ts:6:14)
        at C:\Users\toshi\python\StencilDesinger3\tests\e2e\basic.spec.ts:473:11

    Error Context: test-results\basic-10-Delete-10-2-Delete-key-removes-selected-shape-chromium\error-context.md


[1A[2K[40/178] [chromium] › tests\e2e\basic.spec.ts:573:3 › 12. Array copy › 12-3 undo removes array copies
[1A[2K  27) [chromium] › tests\e2e\basic.spec.ts:491:3 › 10. Delete › 10-3 undo restores deleted shape ───

    [31mTest timeout of 30000ms exceeded while running "beforeEach" hook.[39m

      467 |
      468 | test.describe('10. Delete', () => {
    > 469 |   test.beforeEach(async ({ page }) => {
          |        ^
      470 |     await page.goto('/');
      471 |     await page.waitForLoadState('networkidle');
      472 |     const box = await canvasBox(page);
        at C:\Users\toshi\python\StencilDesinger3\tests\e2e\basic.spec.ts:469:8

    Error: page.click: Test timeout of 30000ms exceeded.
    Call log:
    [2m  - waiting for locator('[data-tool="rect"]')[22m
    [2m    - locator resolved to <button class="tool-btn" data-tool="rect" title="Draw a rectangle (R)">…</button>[22m
    [2m  - attempting click action[22m
    [2m    2 × waiting for element to be visible, enabled and stable[22m
    [2m      - element is visible, enabled and stable[22m
    [2m      - scrolling into view if needed[22m
    [2m      - done scrolling[22m
    [2m      - <div class="modal-overlay" id="file-manager-modal">…</div> intercepts pointer events[22m
    [2m    - retrying click action[22m
    [2m    - waiting 20ms[22m
    [2m    2 × waiting for element to be visible, enabled and stable[22m
    [2m      - element is visible, enabled and stable[22m
    [2m      - scrolling into view if needed[22m
    [2m      - done scrolling[22m
    [2m      - <div class="modal-overlay" id="file-manager-modal">…</div> intercepts pointer events[22m
    [2m    - retrying click action[22m
    [2m      - waiting 100ms[22m
    [2m    57 × waiting for element to be visible, enabled and stable[22m
    [2m       - element is visible, enabled and stable[22m
    [2m       - scrolling into view if needed[22m
    [2m       - done scrolling[22m
    [2m       - <div class="modal-overlay" id="file-manager-modal">…</div> intercepts pointer events[22m
    [2m     - retrying click action[22m
    [2m       - waiting 500ms[22m


      4 |
      5 | async function drawRect(page: Page, x1: number, y1: number, x2: number, y2: number) {
    > 6 |   await page.click('[data-tool="rect"]');
        |              ^
      7 |   await page.mouse.move(x1, y1);
      8 |   await page.mouse.down();
      9 |   await page.mouse.move(x2, y2);
        at drawRect (C:\Users\toshi\python\StencilDesinger3\tests\e2e\basic.spec.ts:6:14)
        at C:\Users\toshi\python\StencilDesinger3\tests\e2e\basic.spec.ts:473:11

    Error Context: test-results\basic-10-Delete-10-3-undo-restores-deleted-shape-chromium\error-context.md


[1A[2K  28) [chromium] › tests\e2e\basic.spec.ts:512:3 › 11. Copy › 11-1 Copy adds one more shape ────────

    [31mTest timeout of 30000ms exceeded while running "beforeEach" hook.[39m

      503 |
      504 | test.describe('11. Copy', () => {
    > 505 |   test.beforeEach(async ({ page }) => {
          |        ^
      506 |     await page.goto('/');
      507 |     await page.waitForLoadState('networkidle');
      508 |     const box = await canvasBox(page);
        at C:\Users\toshi\python\StencilDesinger3\tests\e2e\basic.spec.ts:505:8

    Error: page.click: Test timeout of 30000ms exceeded.
    Call log:
    [2m  - waiting for locator('[data-tool="rect"]')[22m
    [2m    - locator resolved to <button class="tool-btn" data-tool="rect" title="Draw a rectangle (R)">…</button>[22m
    [2m  - attempting click action[22m
    [2m    2 × waiting for element to be visible, enabled and stable[22m
    [2m      - element is visible, enabled and stable[22m
    [2m      - scrolling into view if needed[22m
    [2m      - done scrolling[22m
    [2m      - <div class="modal-overlay" id="file-manager-modal">…</div> intercepts pointer events[22m
    [2m    - retrying click action[22m
    [2m    - waiting 20ms[22m
    [2m    2 × waiting for element to be visible, enabled and stable[22m
    [2m      - element is visible, enabled and stable[22m
    [2m      - scrolling into view if needed[22m
    [2m      - done scrolling[22m
    [2m      - <div class="modal-overlay" id="file-manager-modal">…</div> intercepts pointer events[22m
    [2m    - retrying click action[22m
    [2m      - waiting 100ms[22m
    [2m    57 × waiting for element to be visible, enabled and stable[22m
    [2m       - element is visible, enabled and stable[22m
    [2m       - scrolling into view if needed[22m
    [2m       - done scrolling[22m
    [2m       - <div class="modal-overlay" id="file-manager-modal">…</div> intercepts pointer events[22m
    [2m     - retrying click action[22m
    [2m       - waiting 500ms[22m


      4 |
      5 | async function drawRect(page: Page, x1: number, y1: number, x2: number, y2: number) {
    > 6 |   await page.click('[data-tool="rect"]');
        |              ^
      7 |   await page.mouse.move(x1, y1);
      8 |   await page.mouse.down();
      9 |   await page.mouse.move(x2, y2);
        at drawRect (C:\Users\toshi\python\StencilDesinger3\tests\e2e\basic.spec.ts:6:14)
        at C:\Users\toshi\python\StencilDesinger3\tests\e2e\basic.spec.ts:509:11

    Error Context: test-results\basic-11-Copy-11-1-Copy-adds-one-more-shape-chromium\error-context.md


[1A[2K[41/178] [chromium] › tests\e2e\basic.spec.ts:601:3 › 13. Boolean Union › 13-1 union of two overlapping rects gives 1 shape
[1A[2K  29) [chromium] › tests\e2e\basic.spec.ts:523:3 › 11. Copy › 11-2 undo removes copy ───────────────

    [31mTest timeout of 30000ms exceeded while running "beforeEach" hook.[39m

      503 |
      504 | test.describe('11. Copy', () => {
    > 505 |   test.beforeEach(async ({ page }) => {
          |        ^
      506 |     await page.goto('/');
      507 |     await page.waitForLoadState('networkidle');
      508 |     const box = await canvasBox(page);
        at C:\Users\toshi\python\StencilDesinger3\tests\e2e\basic.spec.ts:505:8

    Error: page.click: Test timeout of 30000ms exceeded.
    Call log:
    [2m  - waiting for locator('[data-tool="rect"]')[22m
    [2m    - locator resolved to <button class="tool-btn" data-tool="rect" title="Draw a rectangle (R)">…</button>[22m
    [2m  - attempting click action[22m
    [2m    2 × waiting for element to be visible, enabled and stable[22m
    [2m      - element is visible, enabled and stable[22m
    [2m      - scrolling into view if needed[22m
    [2m      - done scrolling[22m
    [2m      - <div class="modal-overlay" id="file-manager-modal">…</div> intercepts pointer events[22m
    [2m    - retrying click action[22m
    [2m    - waiting 20ms[22m
    [2m    2 × waiting for element to be visible, enabled and stable[22m
    [2m      - element is visible, enabled and stable[22m
    [2m      - scrolling into view if needed[22m
    [2m      - done scrolling[22m
    [2m      - <div class="modal-overlay" id="file-manager-modal">…</div> intercepts pointer events[22m
    [2m    - retrying click action[22m
    [2m      - waiting 100ms[22m
    [2m    57 × waiting for element to be visible, enabled and stable[22m
    [2m       - element is visible, enabled and stable[22m
    [2m       - scrolling into view if needed[22m
    [2m       - done scrolling[22m
    [2m       - <div class="modal-overlay" id="file-manager-modal">…</div> intercepts pointer events[22m
    [2m     - retrying click action[22m
    [2m       - waiting 500ms[22m


      4 |
      5 | async function drawRect(page: Page, x1: number, y1: number, x2: number, y2: number) {
    > 6 |   await page.click('[data-tool="rect"]');
        |              ^
      7 |   await page.mouse.move(x1, y1);
      8 |   await page.mouse.down();
      9 |   await page.mouse.move(x2, y2);
        at drawRect (C:\Users\toshi\python\StencilDesinger3\tests\e2e\basic.spec.ts:6:14)
        at C:\Users\toshi\python\StencilDesinger3\tests\e2e\basic.spec.ts:509:11

    Error Context: test-results\basic-11-Copy-11-2-undo-removes-copy-chromium\error-context.md


[1A[2K[42/178] [chromium] › tests\e2e\basic.spec.ts:612:3 › 13. Boolean Union › 13-2 result has integer coordinates only
[1A[2K[43/178] [chromium] › tests\e2e\basic.spec.ts:627:3 › 13. Boolean Union › 13-3 undo restores two shapes
[1A[2K  30) [chromium] › tests\e2e\basic.spec.ts:547:3 › 12. Array copy › 12-1 3×3 array creates 9 shapes total 

    [31mTest timeout of 30000ms exceeded while running "beforeEach" hook.[39m

      538 |
      539 | test.describe('12. Array copy', () => {
    > 540 |   test.beforeEach(async ({ page }) => {
          |        ^
      541 |     await page.goto('/');
      542 |     await page.waitForLoadState('networkidle');
      543 |     const box = await canvasBox(page);
        at C:\Users\toshi\python\StencilDesinger3\tests\e2e\basic.spec.ts:540:8

    Error: page.click: Test timeout of 30000ms exceeded.
    Call log:
    [2m  - waiting for locator('[data-tool="rect"]')[22m
    [2m    - locator resolved to <button class="tool-btn" data-tool="rect" title="Draw a rectangle (R)">…</button>[22m
    [2m  - attempting click action[22m
    [2m    2 × waiting for element to be visible, enabled and stable[22m
    [2m      - element is visible, enabled and stable[22m
    [2m      - scrolling into view if needed[22m
    [2m      - done scrolling[22m
    [2m      - <div class="modal-overlay" id="file-manager-modal">…</div> intercepts pointer events[22m
    [2m    - retrying click action[22m
    [2m    - waiting 20ms[22m
    [2m    2 × waiting for element to be visible, enabled and stable[22m
    [2m      - element is visible, enabled and stable[22m
    [2m      - scrolling into view if needed[22m
    [2m      - done scrolling[22m
    [2m      - <div class="modal-overlay" id="file-manager-modal">…</div> intercepts pointer events[22m
    [2m    - retrying click action[22m
    [2m      - waiting 100ms[22m
    [2m    56 × waiting for element to be visible, enabled and stable[22m
    [2m       - element is visible, enabled and stable[22m
    [2m       - scrolling into view if needed[22m
    [2m       - done scrolling[22m
    [2m       - <div class="modal-overlay" id="file-manager-modal">…</div> intercepts pointer events[22m
    [2m     - retrying click action[22m
    [2m       - waiting 500ms[22m
    [2m    - waiting for element to be visible, enabled and stable[22m


      4 |
      5 | async function drawRect(page: Page, x1: number, y1: number, x2: number, y2: number) {
    > 6 |   await page.click('[data-tool="rect"]');
        |              ^
      7 |   await page.mouse.move(x1, y1);
      8 |   await page.mouse.down();
      9 |   await page.mouse.move(x2, y2);
        at drawRect (C:\Users\toshi\python\StencilDesinger3\tests\e2e\basic.spec.ts:6:14)
        at C:\Users\toshi\python\StencilDesinger3\tests\e2e\basic.spec.ts:544:11

    Error Context: test-results\basic-12-Array-copy-12-1-3×3-array-creates-9-shapes-total-chromium\error-context.md


[1A[2K  31) [chromium] › tests\e2e\basic.spec.ts:560:3 › 12. Array copy › 12-2 2×1 array creates 2 shapes 

    [31mTest timeout of 30000ms exceeded while running "beforeEach" hook.[39m

      538 |
      539 | test.describe('12. Array copy', () => {
    > 540 |   test.beforeEach(async ({ page }) => {
          |        ^
      541 |     await page.goto('/');
      542 |     await page.waitForLoadState('networkidle');
      543 |     const box = await canvasBox(page);
        at C:\Users\toshi\python\StencilDesinger3\tests\e2e\basic.spec.ts:540:8

    Error: page.click: Test timeout of 30000ms exceeded.
    Call log:
    [2m  - waiting for locator('[data-tool="rect"]')[22m
    [2m    - locator resolved to <button class="tool-btn" data-tool="rect" title="Draw a rectangle (R)">…</button>[22m
    [2m  - attempting click action[22m
    [2m    2 × waiting for element to be visible, enabled and stable[22m
    [2m      - element is visible, enabled and stable[22m
    [2m      - scrolling into view if needed[22m
    [2m      - done scrolling[22m
    [2m      - <div class="modal-overlay" id="file-manager-modal">…</div> intercepts pointer events[22m
    [2m    - retrying click action[22m
    [2m    - waiting 20ms[22m
    [2m    2 × waiting for element to be visible, enabled and stable[22m
    [2m      - element is visible, enabled and stable[22m
    [2m      - scrolling into view if needed[22m
    [2m      - done scrolling[22m
    [2m      - <div class="modal-overlay" id="file-manager-modal">…</div> intercepts pointer events[22m
    [2m    - retrying click action[22m
    [2m      - waiting 100ms[22m
    [2m    56 × waiting for element to be visible, enabled and stable[22m
    [2m       - element is visible, enabled and stable[22m
    [2m       - scrolling into view if needed[22m
    [2m       - done scrolling[22m
    [2m       - <div class="modal-overlay" id="file-manager-modal">…</div> intercepts pointer events[22m
    [2m     - retrying click action[22m
    [2m       - waiting 500ms[22m


      4 |
      5 | async function drawRect(page: Page, x1: number, y1: number, x2: number, y2: number) {
    > 6 |   await page.click('[data-tool="rect"]');
        |              ^
      7 |   await page.mouse.move(x1, y1);
      8 |   await page.mouse.down();
      9 |   await page.mouse.move(x2, y2);
        at drawRect (C:\Users\toshi\python\StencilDesinger3\tests\e2e\basic.spec.ts:6:14)
        at C:\Users\toshi\python\StencilDesinger3\tests\e2e\basic.spec.ts:544:11

    Error Context: test-results\basic-12-Array-copy-12-2-2×1-array-creates-2-shapes-chromium\error-context.md


[1A[2K[44/178] [chromium] › tests\e2e\basic.spec.ts:650:3 › 14. Boolean Difference › 14-1 difference leaves 1 shape with a hole
[1A[2K[45/178] [chromium] › tests\e2e\basic.spec.ts:667:3 › 14. Boolean Difference › 14-2 undo restores original two shapes
[1A[2K  32) [chromium] › tests\e2e\basic.spec.ts:573:3 › 12. Array copy › 12-3 undo removes array copies ─

    [31mTest timeout of 30000ms exceeded while running "beforeEach" hook.[39m

      538 |
      539 | test.describe('12. Array copy', () => {
    > 540 |   test.beforeEach(async ({ page }) => {
          |        ^
      541 |     await page.goto('/');
      542 |     await page.waitForLoadState('networkidle');
      543 |     const box = await canvasBox(page);
        at C:\Users\toshi\python\StencilDesinger3\tests\e2e\basic.spec.ts:540:8

    Error: page.click: Test timeout of 30000ms exceeded.
    Call log:
    [2m  - waiting for locator('[data-tool="rect"]')[22m
    [2m    - locator resolved to <button class="tool-btn" data-tool="rect" title="Draw a rectangle (R)">…</button>[22m
    [2m  - attempting click action[22m
    [2m    2 × waiting for element to be visible, enabled and stable[22m
    [2m      - element is visible, enabled and stable[22m
    [2m      - scrolling into view if needed[22m
    [2m      - done scrolling[22m
    [2m      - <div class="modal-overlay" id="file-manager-modal">…</div> intercepts pointer events[22m
    [2m    - retrying click action[22m
    [2m    - waiting 20ms[22m
    [2m    2 × waiting for element to be visible, enabled and stable[22m
    [2m      - element is visible, enabled and stable[22m
    [2m      - scrolling into view if needed[22m
    [2m      - done scrolling[22m
    [2m      - <div class="modal-overlay" id="file-manager-modal">…</div> intercepts pointer events[22m
    [2m    - retrying click action[22m
    [2m      - waiting 100ms[22m
    [2m    56 × waiting for element to be visible, enabled and stable[22m
    [2m       - element is visible, enabled and stable[22m
    [2m       - scrolling into view if needed[22m
    [2m       - done scrolling[22m
    [2m       - <div class="modal-overlay" id="file-manager-modal">…</div> intercepts pointer events[22m
    [2m     - retrying click action[22m
    [2m       - waiting 500ms[22m


      4 |
      5 | async function drawRect(page: Page, x1: number, y1: number, x2: number, y2: number) {
    > 6 |   await page.click('[data-tool="rect"]');
        |              ^
      7 |   await page.mouse.move(x1, y1);
      8 |   await page.mouse.down();
      9 |   await page.mouse.move(x2, y2);
        at drawRect (C:\Users\toshi\python\StencilDesinger3\tests\e2e\basic.spec.ts:6:14)
        at C:\Users\toshi\python\StencilDesinger3\tests\e2e\basic.spec.ts:544:11

    Error Context: test-results\basic-12-Array-copy-12-3-undo-removes-array-copies-chromium\error-context.md


[1A[2K[46/178] [chromium] › tests\e2e\basic.spec.ts:688:3 › 15. Snap toggle › 15-1 snap is ON by default
[1A[2K  33) [chromium] › tests\e2e\basic.spec.ts:601:3 › 13. Boolean Union › 13-1 union of two overlapping rects gives 1 shape 

    [31mTest timeout of 30000ms exceeded while running "beforeEach" hook.[39m

      590 |
      591 | test.describe('13. Boolean Union', () => {
    > 592 |   test.beforeEach(async ({ page }) => {
          |        ^
      593 |     await page.goto('/');
      594 |     await page.waitForLoadState('networkidle');
      595 |     const box = await canvasBox(page);
        at C:\Users\toshi\python\StencilDesinger3\tests\e2e\basic.spec.ts:592:8

    Error: page.click: Test timeout of 30000ms exceeded.
    Call log:
    [2m  - waiting for locator('[data-tool="rect"]')[22m
    [2m    - locator resolved to <button class="tool-btn" data-tool="rect" title="Draw a rectangle (R)">…</button>[22m
    [2m  - attempting click action[22m
    [2m    2 × waiting for element to be visible, enabled and stable[22m
    [2m      - element is visible, enabled and stable[22m
    [2m      - scrolling into view if needed[22m
    [2m      - done scrolling[22m
    [2m      - <div class="modal-overlay" id="file-manager-modal">…</div> intercepts pointer events[22m
    [2m    - retrying click action[22m
    [2m    - waiting 20ms[22m
    [2m    2 × waiting for element to be visible, enabled and stable[22m
    [2m      - element is visible, enabled and stable[22m
    [2m      - scrolling into view if needed[22m
    [2m      - done scrolling[22m
    [2m      - <div class="modal-overlay" id="file-manager-modal">…</div> intercepts pointer events[22m
    [2m    - retrying click action[22m
    [2m      - waiting 100ms[22m
    [2m    56 × waiting for element to be visible, enabled and stable[22m
    [2m       - element is visible, enabled and stable[22m
    [2m       - scrolling into view if needed[22m
    [2m       - done scrolling[22m
    [2m       - <div class="modal-overlay" id="file-manager-modal">…</div> intercepts pointer events[22m
    [2m     - retrying click action[22m
    [2m       - waiting 500ms[22m
    [2m    - waiting for element to be visible, enabled and stable[22m


      4 |
      5 | async function drawRect(page: Page, x1: number, y1: number, x2: number, y2: number) {
    > 6 |   await page.click('[data-tool="rect"]');
        |              ^
      7 |   await page.mouse.move(x1, y1);
      8 |   await page.mouse.down();
      9 |   await page.mouse.move(x2, y2);
        at drawRect (C:\Users\toshi\python\StencilDesinger3\tests\e2e\basic.spec.ts:6:14)
        at C:\Users\toshi\python\StencilDesinger3\tests\e2e\basic.spec.ts:597:11

    Error Context: test-results\basic-13-Boolean-Union-13--d7be9-lapping-rects-gives-1-shape-chromium\error-context.md


[1A[2K  34) [chromium] › tests\e2e\basic.spec.ts:612:3 › 13. Boolean Union › 13-2 result has integer coordinates only 

    [31mTest timeout of 30000ms exceeded while running "beforeEach" hook.[39m

      590 |
      591 | test.describe('13. Boolean Union', () => {
    > 592 |   test.beforeEach(async ({ page }) => {
          |        ^
      593 |     await page.goto('/');
      594 |     await page.waitForLoadState('networkidle');
      595 |     const box = await canvasBox(page);
        at C:\Users\toshi\python\StencilDesinger3\tests\e2e\basic.spec.ts:592:8

    Error: page.click: Test timeout of 30000ms exceeded.
    Call log:
    [2m  - waiting for locator('[data-tool="rect"]')[22m
    [2m    - locator resolved to <button class="tool-btn" data-tool="rect" title="Draw a rectangle (R)">…</button>[22m
    [2m  - attempting click action[22m
    [2m    2 × waiting for element to be visible, enabled and stable[22m
    [2m      - element is visible, enabled and stable[22m
    [2m      - scrolling into view if needed[22m
    [2m      - done scrolling[22m
    [2m      - <div class="modal-overlay" id="file-manager-modal">…</div> intercepts pointer events[22m
    [2m    - retrying click action[22m
    [2m    - waiting 20ms[22m
    [2m    2 × waiting for element to be visible, enabled and stable[22m
    [2m      - element is visible, enabled and stable[22m
    [2m      - scrolling into view if needed[22m
    [2m      - done scrolling[22m
    [2m      - <div class="modal-overlay" id="file-manager-modal">…</div> intercepts pointer events[22m
    [2m    - retrying click action[22m
    [2m      - waiting 100ms[22m
    [2m    56 × waiting for element to be visible, enabled and stable[22m
    [2m       - element is visible, enabled and stable[22m
    [2m       - scrolling into view if needed[22m
    [2m       - done scrolling[22m
    [2m       - <div class="modal-overlay" id="file-manager-modal">…</div> intercepts pointer events[22m
    [2m     - retrying click action[22m
    [2m       - waiting 500ms[22m


      4 |
      5 | async function drawRect(page: Page, x1: number, y1: number, x2: number, y2: number) {
    > 6 |   await page.click('[data-tool="rect"]');
        |              ^
      7 |   await page.mouse.move(x1, y1);
      8 |   await page.mouse.down();
      9 |   await page.mouse.move(x2, y2);
        at drawRect (C:\Users\toshi\python\StencilDesinger3\tests\e2e\basic.spec.ts:6:14)
        at C:\Users\toshi\python\StencilDesinger3\tests\e2e\basic.spec.ts:597:11

    Error Context: test-results\basic-13-Boolean-Union-13--b4f66-as-integer-coordinates-only-chromium\error-context.md


[1A[2K[47/178] [chromium] › tests\e2e\basic.spec.ts:705:3 › 15. Snap toggle › 15-4 snap state reflected in app state
[1A[2K[48/178] [chromium] › tests\e2e\basic.spec.ts:693:3 › 15. Snap toggle › 15-2 clicking snap toggles to OFF
[1A[2K  35) [chromium] › tests\e2e\basic.spec.ts:627:3 › 13. Boolean Union › 13-3 undo restores two shapes 

    [31mTest timeout of 30000ms exceeded while running "beforeEach" hook.[39m

      590 |
      591 | test.describe('13. Boolean Union', () => {
    > 592 |   test.beforeEach(async ({ page }) => {
          |        ^
      593 |     await page.goto('/');
      594 |     await page.waitForLoadState('networkidle');
      595 |     const box = await canvasBox(page);
        at C:\Users\toshi\python\StencilDesinger3\tests\e2e\basic.spec.ts:592:8

    Error: page.click: Test timeout of 30000ms exceeded.
    Call log:
    [2m  - waiting for locator('[data-tool="rect"]')[22m
    [2m    - locator resolved to <button class="tool-btn" data-tool="rect" title="Draw a rectangle (R)">…</button>[22m
    [2m  - attempting click action[22m
    [2m    2 × waiting for element to be visible, enabled and stable[22m
    [2m      - element is visible, enabled and stable[22m
    [2m      - scrolling into view if needed[22m
    [2m      - done scrolling[22m
    [2m      - <div class="modal-overlay" id="file-manager-modal">…</div> intercepts pointer events[22m
    [2m    - retrying click action[22m
    [2m    - waiting 20ms[22m
    [2m    2 × waiting for element to be visible, enabled and stable[22m
    [2m      - element is visible, enabled and stable[22m
    [2m      - scrolling into view if needed[22m
    [2m      - done scrolling[22m
    [2m      - <div class="modal-overlay" id="file-manager-modal">…</div> intercepts pointer events[22m
    [2m    - retrying click action[22m
    [2m      - waiting 100ms[22m
    [2m    56 × waiting for element to be visible, enabled and stable[22m
    [2m       - element is visible, enabled and stable[22m
    [2m       - scrolling into view if needed[22m
    [2m       - done scrolling[22m
    [2m       - <div class="modal-overlay" id="file-manager-modal">…</div> intercepts pointer events[22m
    [2m     - retrying click action[22m
    [2m       - waiting 500ms[22m


      4 |
      5 | async function drawRect(page: Page, x1: number, y1: number, x2: number, y2: number) {
    > 6 |   await page.click('[data-tool="rect"]');
        |              ^
      7 |   await page.mouse.move(x1, y1);
      8 |   await page.mouse.down();
      9 |   await page.mouse.move(x2, y2);
        at drawRect (C:\Users\toshi\python\StencilDesinger3\tests\e2e\basic.spec.ts:6:14)
        at C:\Users\toshi\python\StencilDesinger3\tests\e2e\basic.spec.ts:597:11

    Error Context: test-results\basic-13-Boolean-Union-13-3-undo-restores-two-shapes-chromium\error-context.md


[1A[2K[49/178] [chromium] › tests\e2e\basic.spec.ts:699:3 › 15. Snap toggle › 15-3 clicking again restores ON
[1A[2K[50/178] [chromium] › tests\e2e\basic.spec.ts:722:3 › 16. DXF export › 16-1 export triggers file download
[1A[2K  36) [chromium] › tests\e2e\basic.spec.ts:650:3 › 14. Boolean Difference › 14-1 difference leaves 1 shape with a hole 

    [31mTest timeout of 30000ms exceeded while running "beforeEach" hook.[39m

      640 |
      641 | test.describe('14. Boolean Difference', () => {
    > 642 |   test.beforeEach(async ({ page }) => {
          |        ^
      643 |     await page.goto('/');
      644 |     await page.waitForLoadState('networkidle');
      645 |     const box = await canvasBox(page);
        at C:\Users\toshi\python\StencilDesinger3\tests\e2e\basic.spec.ts:642:8

    Error: page.click: Test timeout of 30000ms exceeded.
    Call log:
    [2m  - waiting for locator('[data-tool="rect"]')[22m
    [2m    - locator resolved to <button class="tool-btn" data-tool="rect" title="Draw a rectangle (R)">…</button>[22m
    [2m  - attempting click action[22m
    [2m    2 × waiting for element to be visible, enabled and stable[22m
    [2m      - element is visible, enabled and stable[22m
    [2m      - scrolling into view if needed[22m
    [2m      - done scrolling[22m
    [2m      - <div class="modal-overlay" id="file-manager-modal">…</div> intercepts pointer events[22m
    [2m    - retrying click action[22m
    [2m    - waiting 20ms[22m
    [2m    2 × waiting for element to be visible, enabled and stable[22m
    [2m      - element is visible, enabled and stable[22m
    [2m      - scrolling into view if needed[22m
    [2m      - done scrolling[22m
    [2m      - <div class="modal-overlay" id="file-manager-modal">…</div> intercepts pointer events[22m
    [2m    - retrying click action[22m
    [2m      - waiting 100ms[22m
    [2m    56 × waiting for element to be visible, enabled and stable[22m
    [2m       - element is visible, enabled and stable[22m
    [2m       - scrolling into view if needed[22m
    [2m       - done scrolling[22m
    [2m       - <div class="modal-overlay" id="file-manager-modal">…</div> intercepts pointer events[22m
    [2m     - retrying click action[22m
    [2m       - waiting 500ms[22m


      4 |
      5 | async function drawRect(page: Page, x1: number, y1: number, x2: number, y2: number) {
    > 6 |   await page.click('[data-tool="rect"]');
        |              ^
      7 |   await page.mouse.move(x1, y1);
      8 |   await page.mouse.down();
      9 |   await page.mouse.move(x2, y2);
        at drawRect (C:\Users\toshi\python\StencilDesinger3\tests\e2e\basic.spec.ts:6:14)
        at C:\Users\toshi\python\StencilDesinger3\tests\e2e\basic.spec.ts:646:11

    Error Context: test-results\basic-14-Boolean-Differenc-ae50f--leaves-1-shape-with-a-hole-chromium\error-context.md


[1A[2K  37) [chromium] › tests\e2e\basic.spec.ts:667:3 › 14. Boolean Difference › 14-2 undo restores original two shapes 

    [31mTest timeout of 30000ms exceeded while running "beforeEach" hook.[39m

      640 |
      641 | test.describe('14. Boolean Difference', () => {
    > 642 |   test.beforeEach(async ({ page }) => {
          |        ^
      643 |     await page.goto('/');
      644 |     await page.waitForLoadState('networkidle');
      645 |     const box = await canvasBox(page);
        at C:\Users\toshi\python\StencilDesinger3\tests\e2e\basic.spec.ts:642:8

    Error: page.click: Test timeout of 30000ms exceeded.
    Call log:
    [2m  - waiting for locator('[data-tool="rect"]')[22m
    [2m    - locator resolved to <button class="tool-btn" data-tool="rect" title="Draw a rectangle (R)">…</button>[22m
    [2m  - attempting click action[22m
    [2m    2 × waiting for element to be visible, enabled and stable[22m
    [2m      - element is visible, enabled and stable[22m
    [2m      - scrolling into view if needed[22m
    [2m      - done scrolling[22m
    [2m      - <div class="modal-overlay" id="file-manager-modal">…</div> intercepts pointer events[22m
    [2m    - retrying click action[22m
    [2m    - waiting 20ms[22m
    [2m    2 × waiting for element to be visible, enabled and stable[22m
    [2m      - element is visible, enabled and stable[22m
    [2m      - scrolling into view if needed[22m
    [2m      - done scrolling[22m
    [2m      - <div class="modal-overlay" id="file-manager-modal">…</div> intercepts pointer events[22m
    [2m    - retrying click action[22m
    [2m      - waiting 100ms[22m
    [2m    56 × waiting for element to be visible, enabled and stable[22m
    [2m       - element is visible, enabled and stable[22m
    [2m       - scrolling into view if needed[22m
    [2m       - done scrolling[22m
    [2m       - <div class="modal-overlay" id="file-manager-modal">…</div> intercepts pointer events[22m
    [2m     - retrying click action[22m
    [2m       - waiting 500ms[22m


      4 |
      5 | async function drawRect(page: Page, x1: number, y1: number, x2: number, y2: number) {
    > 6 |   await page.click('[data-tool="rect"]');
        |              ^
      7 |   await page.mouse.move(x1, y1);
      8 |   await page.mouse.down();
      9 |   await page.mouse.move(x2, y2);
        at drawRect (C:\Users\toshi\python\StencilDesinger3\tests\e2e\basic.spec.ts:6:14)
        at C:\Users\toshi\python\StencilDesinger3\tests\e2e\basic.spec.ts:646:11

    Error Context: test-results\basic-14-Boolean-Differenc-9c41c-estores-original-two-shapes-chromium\error-context.md


[1A[2K[51/178] [chromium] › tests\e2e\basic.spec.ts:730:3 › 16. DXF export › 16-2 exported DXF contains LWPOLYLINE
[1A[2K[52/178] [chromium] › tests\e2e\basic.spec.ts:753:3 › 17. Keyboard shortcuts › 17-1 Ctrl+Z undoes
[1A[2K  38) [chromium] › tests\e2e\basic.spec.ts:705:3 › 15. Snap toggle › 15-4 snap state reflected in app state 

    [31mTest timeout of 30000ms exceeded.[39m

    Error: page.click: Test timeout of 30000ms exceeded.
    Call log:
    [2m  - waiting for locator('#btn-snap')[22m
    [2m    - locator resolved to <button id="btn-snap" title="Snap on / off" class="hdr-btn active">…</button>[22m
    [2m  - attempting click action[22m
    [2m    2 × waiting for element to be visible, enabled and stable[22m
    [2m      - element is visible, enabled and stable[22m
    [2m      - scrolling into view if needed[22m
    [2m      - done scrolling[22m
    [2m      - <div class="modal-overlay" id="file-manager-modal">…</div> intercepts pointer events[22m
    [2m    - retrying click action[22m
    [2m    - waiting 20ms[22m
    [2m    2 × waiting for element to be visible, enabled and stable[22m
    [2m      - element is visible, enabled and stable[22m
    [2m      - scrolling into view if needed[22m
    [2m      - done scrolling[22m
    [2m      - <div class="modal-overlay" id="file-manager-modal">…</div> intercepts pointer events[22m
    [2m    - retrying click action[22m
    [2m      - waiting 100ms[22m
    [2m    55 × waiting for element to be visible, enabled and stable[22m
    [2m       - element is visible, enabled and stable[22m
    [2m       - scrolling into view if needed[22m
    [2m       - done scrolling[22m
    [2m       - <div class="modal-overlay" id="file-manager-modal">…</div> intercepts pointer events[22m
    [2m     - retrying click action[22m
    [2m       - waiting 500ms[22m
    [2m    - waiting for element to be visible, enabled and stable[22m
    [2m    - element is visible, enabled and stable[22m
    [2m    - scrolling into view if needed[22m
    [2m    - done scrolling[22m


      704 |
      705 |   test('15-4 snap state reflected in app state', async ({ page }) => {
    > 706 |     await page.click('#btn-snap');
          |                ^
      707 |     const snap = await page.evaluate(() => (window as any).__app?.history?.state?.snapEnabled);
      708 |     expect(snap).toBe(false);
      709 |   });
        at C:\Users\toshi\python\StencilDesinger3\tests\e2e\basic.spec.ts:706:16

    Error Context: test-results\basic-15-Snap-toggle-15-4-snap-state-reflected-in-app-state-chromium\error-context.md


[1A[2K  39) [chromium] › tests\e2e\basic.spec.ts:693:3 › 15. Snap toggle › 15-2 clicking snap toggles to OFF 

    [31mTest timeout of 30000ms exceeded.[39m

    Error: page.click: Test timeout of 30000ms exceeded.
    Call log:
    [2m  - waiting for locator('#btn-snap')[22m
    [2m    - locator resolved to <button id="btn-snap" title="Snap on / off" class="hdr-btn active">…</button>[22m
    [2m  - attempting click action[22m
    [2m    2 × waiting for element to be visible, enabled and stable[22m
    [2m      - element is visible, enabled and stable[22m
    [2m      - scrolling into view if needed[22m
    [2m      - done scrolling[22m
    [2m      - <div class="modal-overlay" id="file-manager-modal">…</div> intercepts pointer events[22m
    [2m    - retrying click action[22m
    [2m    - waiting 20ms[22m
    [2m    2 × waiting for element to be visible, enabled and stable[22m
    [2m      - element is visible, enabled and stable[22m
    [2m      - scrolling into view if needed[22m
    [2m      - done scrolling[22m
    [2m      - <div class="modal-overlay" id="file-manager-modal">…</div> intercepts pointer events[22m
    [2m    - retrying click action[22m
    [2m      - waiting 100ms[22m
    [2m    55 × waiting for element to be visible, enabled and stable[22m
    [2m       - element is visible, enabled and stable[22m
    [2m       - scrolling into view if needed[22m
    [2m       - done scrolling[22m
    [2m       - <div class="modal-overlay" id="file-manager-modal">…</div> intercepts pointer events[22m
    [2m     - retrying click action[22m
    [2m       - waiting 500ms[22m


      692 |
      693 |   test('15-2 clicking snap toggles to OFF', async ({ page }) => {
    > 694 |     await page.click('#btn-snap');
          |                ^
      695 |     await expect(page.locator('#footer-snap')).toHaveText('OFF');
      696 |     await expect(page.locator('#btn-snap')).not.toHaveClass(/active/);
      697 |   });
        at C:\Users\toshi\python\StencilDesinger3\tests\e2e\basic.spec.ts:694:16

    Error Context: test-results\basic-15-Snap-toggle-15-2-clicking-snap-toggles-to-OFF-chromium\error-context.md


[1A[2K[53/178] [chromium] › tests\e2e\basic.spec.ts:759:3 › 17. Keyboard shortcuts › 17-2 Ctrl+Y redoes
[1A[2K  40) [chromium] › tests\e2e\basic.spec.ts:699:3 › 15. Snap toggle › 15-3 clicking again restores ON 

    [31mTest timeout of 30000ms exceeded.[39m

    Error: page.click: Test timeout of 30000ms exceeded.
    Call log:
    [2m  - waiting for locator('#btn-snap')[22m
    [2m    - locator resolved to <button id="btn-snap" title="Snap on / off" class="hdr-btn active">…</button>[22m
    [2m  - attempting click action[22m
    [2m    2 × waiting for element to be visible, enabled and stable[22m
    [2m      - element is visible, enabled and stable[22m
    [2m      - scrolling into view if needed[22m
    [2m      - done scrolling[22m
    [2m      - <div class="modal-overlay" id="file-manager-modal">…</div> intercepts pointer events[22m
    [2m    - retrying click action[22m
    [2m    - waiting 20ms[22m
    [2m    2 × waiting for element to be visible, enabled and stable[22m
    [2m      - element is visible, enabled and stable[22m
    [2m      - scrolling into view if needed[22m
    [2m      - done scrolling[22m
    [2m      - <div class="modal-overlay" id="file-manager-modal">…</div> intercepts pointer events[22m
    [2m    - retrying click action[22m
    [2m      - waiting 100ms[22m
    [2m    56 × waiting for element to be visible, enabled and stable[22m
    [2m       - element is visible, enabled and stable[22m
    [2m       - scrolling into view if needed[22m
    [2m       - done scrolling[22m
    [2m       - <div class="modal-overlay" id="file-manager-modal">…</div> intercepts pointer events[22m
    [2m     - retrying click action[22m
    [2m       - waiting 500ms[22m


      698 |
      699 |   test('15-3 clicking again restores ON', async ({ page }) => {
    > 700 |     await page.click('#btn-snap');
          |                ^
      701 |     await page.click('#btn-snap');
      702 |     await expect(page.locator('#footer-snap')).toHaveText('ON');
      703 |   });
        at C:\Users\toshi\python\StencilDesinger3\tests\e2e\basic.spec.ts:700:16

    Error Context: test-results\basic-15-Snap-toggle-15-3-clicking-again-restores-ON-chromium\error-context.md


[1A[2K[54/178] [chromium] › tests\e2e\basic.spec.ts:767:3 › 17. Keyboard shortcuts › 17-3 Delete key deletes selected shape
[1A[2K  41) [chromium] › tests\e2e\basic.spec.ts:722:3 › 16. DXF export › 16-1 export triggers file download 

    [31mTest timeout of 30000ms exceeded while running "beforeEach" hook.[39m

      713 |
      714 | test.describe('16. DXF export', () => {
    > 715 |   test.beforeEach(async ({ page }) => {
          |        ^
      716 |     await page.goto('/');
      717 |     await page.waitForLoadState('networkidle');
      718 |     const box = await canvasBox(page);
        at C:\Users\toshi\python\StencilDesinger3\tests\e2e\basic.spec.ts:715:8

    Error: page.click: Test timeout of 30000ms exceeded.
    Call log:
    [2m  - waiting for locator('[data-tool="rect"]')[22m
    [2m    - locator resolved to <button class="tool-btn" data-tool="rect" title="Draw a rectangle (R)">…</button>[22m
    [2m  - attempting click action[22m
    [2m    2 × waiting for element to be visible, enabled and stable[22m
    [2m      - element is visible, enabled and stable[22m
    [2m      - scrolling into view if needed[22m
    [2m      - done scrolling[22m
    [2m      - <div class="modal-overlay" id="file-manager-modal">…</div> intercepts pointer events[22m
    [2m    - retrying click action[22m
    [2m    - waiting 20ms[22m
    [2m    2 × waiting for element to be visible, enabled and stable[22m
    [2m      - element is visible, enabled and stable[22m
    [2m      - scrolling into view if needed[22m
    [2m      - done scrolling[22m
    [2m      - <div class="modal-overlay" id="file-manager-modal">…</div> intercepts pointer events[22m
    [2m    - retrying click action[22m
    [2m      - waiting 100ms[22m
    [2m    56 × waiting for element to be visible, enabled and stable[22m
    [2m       - element is visible, enabled and stable[22m
    [2m       - scrolling into view if needed[22m
    [2m       - done scrolling[22m
    [2m       - <div class="modal-overlay" id="file-manager-modal">…</div> intercepts pointer events[22m
    [2m     - retrying click action[22m
    [2m       - waiting 500ms[22m


      4 |
      5 | async function drawRect(page: Page, x1: number, y1: number, x2: number, y2: number) {
    > 6 |   await page.click('[data-tool="rect"]');
        |              ^
      7 |   await page.mouse.move(x1, y1);
      8 |   await page.mouse.down();
      9 |   await page.mouse.move(x2, y2);
        at drawRect (C:\Users\toshi\python\StencilDesinger3\tests\e2e\basic.spec.ts:6:14)
        at C:\Users\toshi\python\StencilDesinger3\tests\e2e\basic.spec.ts:719:11

    Error Context: test-results\basic-16-DXF-export-16-1-export-triggers-file-download-chromium\error-context.md


[1A[2K[55/178] [chromium] › tests\e2e\basic.spec.ts:775:3 › 17. Keyboard shortcuts › 17-4 Escape cancels drawing
[1A[2K[56/178] [chromium] › tests\e2e\basic.spec.ts:800:3 › 18. Undo/Redo buttons › 18-1 undo button enabled after draw
[1A[2K  42) [chromium] › tests\e2e\basic.spec.ts:730:3 › 16. DXF export › 16-2 exported DXF contains LWPOLYLINE 

    [31mTest timeout of 30000ms exceeded while running "beforeEach" hook.[39m

      713 |
      714 | test.describe('16. DXF export', () => {
    > 715 |   test.beforeEach(async ({ page }) => {
          |        ^
      716 |     await page.goto('/');
      717 |     await page.waitForLoadState('networkidle');
      718 |     const box = await canvasBox(page);
        at C:\Users\toshi\python\StencilDesinger3\tests\e2e\basic.spec.ts:715:8

    Error: page.click: Test timeout of 30000ms exceeded.
    Call log:
    [2m  - waiting for locator('[data-tool="rect"]')[22m
    [2m    - locator resolved to <button class="tool-btn" data-tool="rect" title="Draw a rectangle (R)">…</button>[22m
    [2m  - attempting click action[22m
    [2m    2 × waiting for element to be visible, enabled and stable[22m
    [2m      - element is visible, enabled and stable[22m
    [2m      - scrolling into view if needed[22m
    [2m      - done scrolling[22m
    [2m      - <div class="modal-overlay" id="file-manager-modal">…</div> intercepts pointer events[22m
    [2m    - retrying click action[22m
    [2m    - waiting 20ms[22m
    [2m    2 × waiting for element to be visible, enabled and stable[22m
    [2m      - element is visible, enabled and stable[22m
    [2m      - scrolling into view if needed[22m
    [2m      - done scrolling[22m
    [2m      - <div class="modal-overlay" id="file-manager-modal">…</div> intercepts pointer events[22m
    [2m    - retrying click action[22m
    [2m      - waiting 100ms[22m
    [2m    56 × waiting for element to be visible, enabled and stable[22m
    [2m       - element is visible, enabled and stable[22m
    [2m       - scrolling into view if needed[22m
    [2m       - done scrolling[22m
    [2m       - <div class="modal-overlay" id="file-manager-modal">…</div> intercepts pointer events[22m
    [2m     - retrying click action[22m
    [2m       - waiting 500ms[22m


      4 |
      5 | async function drawRect(page: Page, x1: number, y1: number, x2: number, y2: number) {
    > 6 |   await page.click('[data-tool="rect"]');
        |              ^
      7 |   await page.mouse.move(x1, y1);
      8 |   await page.mouse.down();
      9 |   await page.mouse.move(x2, y2);
        at drawRect (C:\Users\toshi\python\StencilDesinger3\tests\e2e\basic.spec.ts:6:14)
        at C:\Users\toshi\python\StencilDesinger3\tests\e2e\basic.spec.ts:719:11

    Error Context: test-results\basic-16-DXF-export-16-2-exported-DXF-contains-LWPOLYLINE-chromium\error-context.md


[1A[2K  43) [chromium] › tests\e2e\basic.spec.ts:753:3 › 17. Keyboard shortcuts › 17-1 Ctrl+Z undoes ─────

    [31mTest timeout of 30000ms exceeded while running "beforeEach" hook.[39m

      744 |
      745 | test.describe('17. Keyboard shortcuts', () => {
    > 746 |   test.beforeEach(async ({ page }) => {
          |        ^
      747 |     await page.goto('/');
      748 |     await page.waitForLoadState('networkidle');
      749 |     const box = await canvasBox(page);
        at C:\Users\toshi\python\StencilDesinger3\tests\e2e\basic.spec.ts:746:8

    Error: page.click: Test timeout of 30000ms exceeded.
    Call log:
    [2m  - waiting for locator('[data-tool="rect"]')[22m
    [2m    - locator resolved to <button class="tool-btn" data-tool="rect" title="Draw a rectangle (R)">…</button>[22m
    [2m  - attempting click action[22m
    [2m    2 × waiting for element to be visible, enabled and stable[22m
    [2m      - element is visible, enabled and stable[22m
    [2m      - scrolling into view if needed[22m
    [2m      - done scrolling[22m
    [2m      - <div class="modal-overlay" id="file-manager-modal">…</div> intercepts pointer events[22m
    [2m    - retrying click action[22m
    [2m    - waiting 20ms[22m
    [2m    2 × waiting for element to be visible, enabled and stable[22m
    [2m      - element is visible, enabled and stable[22m
    [2m      - scrolling into view if needed[22m
    [2m      - done scrolling[22m
    [2m      - <div class="modal-overlay" id="file-manager-modal">…</div> intercepts pointer events[22m
    [2m    - retrying click action[22m
    [2m      - waiting 100ms[22m
    [2m    56 × waiting for element to be visible, enabled and stable[22m
    [2m       - element is visible, enabled and stable[22m
    [2m       - scrolling into view if needed[22m
    [2m       - done scrolling[22m
    [2m       - <div class="modal-overlay" id="file-manager-modal">…</div> intercepts pointer events[22m
    [2m     - retrying click action[22m
    [2m       - waiting 500ms[22m


      4 |
      5 | async function drawRect(page: Page, x1: number, y1: number, x2: number, y2: number) {
    > 6 |   await page.click('[data-tool="rect"]');
        |              ^
      7 |   await page.mouse.move(x1, y1);
      8 |   await page.mouse.down();
      9 |   await page.mouse.move(x2, y2);
        at drawRect (C:\Users\toshi\python\StencilDesinger3\tests\e2e\basic.spec.ts:6:14)
        at C:\Users\toshi\python\StencilDesinger3\tests\e2e\basic.spec.ts:750:11

    Error Context: test-results\basic-17-Keyboard-shortcuts-17-1-Ctrl-Z-undoes-chromium\error-context.md


[1A[2K[57/178] [chromium] › tests\e2e\basic.spec.ts:806:3 › 18. Undo/Redo buttons › 18-2 undo button click works
[1A[2K[58/178] [chromium] › tests\e2e\basic.spec.ts:814:3 › 18. Undo/Redo buttons › 18-3 redo button enabled after undo
[1A[2K  44) [chromium] › tests\e2e\basic.spec.ts:759:3 › 17. Keyboard shortcuts › 17-2 Ctrl+Y redoes ─────

    [31mTest timeout of 30000ms exceeded while running "beforeEach" hook.[39m

      744 |
      745 | test.describe('17. Keyboard shortcuts', () => {
    > 746 |   test.beforeEach(async ({ page }) => {
          |        ^
      747 |     await page.goto('/');
      748 |     await page.waitForLoadState('networkidle');
      749 |     const box = await canvasBox(page);
        at C:\Users\toshi\python\StencilDesinger3\tests\e2e\basic.spec.ts:746:8

    Error: page.click: Test timeout of 30000ms exceeded.
    Call log:
    [2m  - waiting for locator('[data-tool="rect"]')[22m
    [2m    - locator resolved to <button class="tool-btn" data-tool="rect" title="Draw a rectangle (R)">…</button>[22m
    [2m  - attempting click action[22m
    [2m    2 × waiting for element to be visible, enabled and stable[22m
    [2m      - element is visible, enabled and stable[22m
    [2m      - scrolling into view if needed[22m
    [2m      - done scrolling[22m
    [2m      - <div class="modal-overlay" id="file-manager-modal">…</div> intercepts pointer events[22m
    [2m    - retrying click action[22m
    [2m    - waiting 20ms[22m
    [2m    2 × waiting for element to be visible, enabled and stable[22m
    [2m      - element is visible, enabled and stable[22m
    [2m      - scrolling into view if needed[22m
    [2m      - done scrolling[22m
    [2m      - <div class="modal-overlay" id="file-manager-modal">…</div> intercepts pointer events[22m
    [2m    - retrying click action[22m
    [2m      - waiting 100ms[22m
    [2m    56 × waiting for element to be visible, enabled and stable[22m
    [2m       - element is visible, enabled and stable[22m
    [2m       - scrolling into view if needed[22m
    [2m       - done scrolling[22m
    [2m       - <div class="modal-overlay" id="file-manager-modal">…</div> intercepts pointer events[22m
    [2m     - retrying click action[22m
    [2m       - waiting 500ms[22m


      4 |
      5 | async function drawRect(page: Page, x1: number, y1: number, x2: number, y2: number) {
    > 6 |   await page.click('[data-tool="rect"]');
        |              ^
      7 |   await page.mouse.move(x1, y1);
      8 |   await page.mouse.down();
      9 |   await page.mouse.move(x2, y2);
        at drawRect (C:\Users\toshi\python\StencilDesinger3\tests\e2e\basic.spec.ts:6:14)
        at C:\Users\toshi\python\StencilDesinger3\tests\e2e\basic.spec.ts:750:11

    Error Context: test-results\basic-17-Keyboard-shortcuts-17-2-Ctrl-Y-redoes-chromium\error-context.md


[1A[2K  45) [chromium] › tests\e2e\basic.spec.ts:767:3 › 17. Keyboard shortcuts › 17-3 Delete key deletes selected shape 

    [31mTest timeout of 30000ms exceeded while running "beforeEach" hook.[39m

      744 |
      745 | test.describe('17. Keyboard shortcuts', () => {
    > 746 |   test.beforeEach(async ({ page }) => {
          |        ^
      747 |     await page.goto('/');
      748 |     await page.waitForLoadState('networkidle');
      749 |     const box = await canvasBox(page);
        at C:\Users\toshi\python\StencilDesinger3\tests\e2e\basic.spec.ts:746:8

    Error: page.click: Test timeout of 30000ms exceeded.
    Call log:
    [2m  - waiting for locator('[data-tool="rect"]')[22m
    [2m    - locator resolved to <button class="tool-btn" data-tool="rect" title="Draw a rectangle (R)">…</button>[22m
    [2m  - attempting click action[22m
    [2m    2 × waiting for element to be visible, enabled and stable[22m
    [2m      - element is visible, enabled and stable[22m
    [2m      - scrolling into view if needed[22m
    [2m      - done scrolling[22m
    [2m      - <div class="modal-overlay" id="file-manager-modal">…</div> intercepts pointer events[22m
    [2m    - retrying click action[22m
    [2m    - waiting 20ms[22m
    [2m    2 × waiting for element to be visible, enabled and stable[22m
    [2m      - element is visible, enabled and stable[22m
    [2m      - scrolling into view if needed[22m
    [2m      - done scrolling[22m
    [2m      - <div class="modal-overlay" id="file-manager-modal">…</div> intercepts pointer events[22m
    [2m    - retrying click action[22m
    [2m      - waiting 100ms[22m
    [2m    56 × waiting for element to be visible, enabled and stable[22m
    [2m       - element is visible, enabled and stable[22m
    [2m       - scrolling into view if needed[22m
    [2m       - done scrolling[22m
    [2m       - <div class="modal-overlay" id="file-manager-modal">…</div> intercepts pointer events[22m
    [2m     - retrying click action[22m
    [2m       - waiting 500ms[22m


      4 |
      5 | async function drawRect(page: Page, x1: number, y1: number, x2: number, y2: number) {
    > 6 |   await page.click('[data-tool="rect"]');
        |              ^
      7 |   await page.mouse.move(x1, y1);
      8 |   await page.mouse.down();
      9 |   await page.mouse.move(x2, y2);
        at drawRect (C:\Users\toshi\python\StencilDesinger3\tests\e2e\basic.spec.ts:6:14)
        at C:\Users\toshi\python\StencilDesinger3\tests\e2e\basic.spec.ts:750:11

    Error Context: test-results\basic-17-Keyboard-shortcut-0a1da--key-deletes-selected-shape-chromium\error-context.md


[1A[2K[59/178] [chromium] › tests\e2e\basic.spec.ts:821:3 › 18. Undo/Redo buttons › 18-4 redo button click works
[1A[2K  46) [chromium] › tests\e2e\basic.spec.ts:775:3 › 17. Keyboard shortcuts › 17-4 Escape cancels drawing 

    [31mTest timeout of 30000ms exceeded while running "beforeEach" hook.[39m

      744 |
      745 | test.describe('17. Keyboard shortcuts', () => {
    > 746 |   test.beforeEach(async ({ page }) => {
          |        ^
      747 |     await page.goto('/');
      748 |     await page.waitForLoadState('networkidle');
      749 |     const box = await canvasBox(page);
        at C:\Users\toshi\python\StencilDesinger3\tests\e2e\basic.spec.ts:746:8

    Error: page.click: Test timeout of 30000ms exceeded.
    Call log:
    [2m  - waiting for locator('[data-tool="rect"]')[22m
    [2m    - locator resolved to <button class="tool-btn" data-tool="rect" title="Draw a rectangle (R)">…</button>[22m
    [2m  - attempting click action[22m
    [2m    2 × waiting for element to be visible, enabled and stable[22m
    [2m      - element is visible, enabled and stable[22m
    [2m      - scrolling into view if needed[22m
    [2m      - done scrolling[22m
    [2m      - <div class="modal-overlay" id="file-manager-modal">…</div> intercepts pointer events[22m
    [2m    - retrying click action[22m
    [2m    - waiting 20ms[22m
    [2m    2 × waiting for element to be visible, enabled and stable[22m
    [2m      - element is visible, enabled and stable[22m
    [2m      - scrolling into view if needed[22m
    [2m      - done scrolling[22m
    [2m      - <div class="modal-overlay" id="file-manager-modal">…</div> intercepts pointer events[22m
    [2m    - retrying click action[22m
    [2m      - waiting 100ms[22m
    [2m    56 × waiting for element to be visible, enabled and stable[22m
    [2m       - element is visible, enabled and stable[22m
    [2m       - scrolling into view if needed[22m
    [2m       - done scrolling[22m
    [2m       - <div class="modal-overlay" id="file-manager-modal">…</div> intercepts pointer events[22m
    [2m     - retrying click action[22m
    [2m       - waiting 500ms[22m


      4 |
      5 | async function drawRect(page: Page, x1: number, y1: number, x2: number, y2: number) {
    > 6 |   await page.click('[data-tool="rect"]');
        |              ^
      7 |   await page.mouse.move(x1, y1);
      8 |   await page.mouse.down();
      9 |   await page.mouse.move(x2, y2);
        at drawRect (C:\Users\toshi\python\StencilDesinger3\tests\e2e\basic.spec.ts:6:14)
        at C:\Users\toshi\python\StencilDesinger3\tests\e2e\basic.spec.ts:750:11

    Error Context: test-results\basic-17-Keyboard-shortcuts-17-4-Escape-cancels-drawing-chromium\error-context.md


[1A[2K[60/178] [chromium] › tests\e2e\basic.spec.ts:834:3 › 19. Autosave and restore › 19-1 Ctrl+S saves without error
[1A[2K  47) [chromium] › tests\e2e\basic.spec.ts:800:3 › 18. Undo/Redo buttons › 18-1 undo button enabled after draw 

    [31mTest timeout of 30000ms exceeded.[39m

    Error: page.click: Test timeout of 30000ms exceeded.
    Call log:
    [2m  - waiting for locator('[data-tool="rect"]')[22m
    [2m    - locator resolved to <button class="tool-btn" data-tool="rect" title="Draw a rectangle (R)">…</button>[22m
    [2m  - attempting click action[22m
    [2m    2 × waiting for element to be visible, enabled and stable[22m
    [2m      - element is visible, enabled and stable[22m
    [2m      - scrolling into view if needed[22m
    [2m      - done scrolling[22m
    [2m      - <div class="modal-overlay" id="file-manager-modal">…</div> intercepts pointer events[22m
    [2m    - retrying click action[22m
    [2m    - waiting 20ms[22m
    [2m    2 × waiting for element to be visible, enabled and stable[22m
    [2m      - element is visible, enabled and stable[22m
    [2m      - scrolling into view if needed[22m
    [2m      - done scrolling[22m
    [2m      - <div class="modal-overlay" id="file-manager-modal">…</div> intercepts pointer events[22m
    [2m    - retrying click action[22m
    [2m      - waiting 100ms[22m
    [2m    56 × waiting for element to be visible, enabled and stable[22m
    [2m       - element is visible, enabled and stable[22m
    [2m       - scrolling into view if needed[22m
    [2m       - done scrolling[22m
    [2m       - <div class="modal-overlay" id="file-manager-modal">…</div> intercepts pointer events[22m
    [2m     - retrying click action[22m
    [2m       - waiting 500ms[22m


      4 |
      5 | async function drawRect(page: Page, x1: number, y1: number, x2: number, y2: number) {
    > 6 |   await page.click('[data-tool="rect"]');
        |              ^
      7 |   await page.mouse.move(x1, y1);
      8 |   await page.mouse.down();
      9 |   await page.mouse.move(x2, y2);
        at drawRect (C:\Users\toshi\python\StencilDesinger3\tests\e2e\basic.spec.ts:6:14)
        at C:\Users\toshi\python\StencilDesinger3\tests\e2e\basic.spec.ts:802:11

    Error Context: test-results\basic-18-Undo-Redo-buttons-8024c-o-button-enabled-after-draw-chromium\error-context.md


[1A[2K[61/178] [chromium] › tests\e2e\basic.spec.ts:847:3 › 19. Autosave and restore › 19-2 shapes survive page reload (IndexedDB)
[1A[2K[62/178] [chromium] › tests\e2e\basic.spec.ts:875:3 › 20. Fit to content and zoom reset › 20-1 Fit button exists and is visible
[1A[2K[63/178] [chromium] › tests\e2e\basic.spec.ts:879:3 › 20. Fit to content and zoom reset › 20-2 Fit button centers shapes (zoom changes)
[1A[2K  48) [chromium] › tests\e2e\basic.spec.ts:806:3 › 18. Undo/Redo buttons › 18-2 undo button click works 

    [31mTest timeout of 30000ms exceeded.[39m

    Error: page.click: Test timeout of 30000ms exceeded.
    Call log:
    [2m  - waiting for locator('[data-tool="rect"]')[22m
    [2m    - locator resolved to <button class="tool-btn" data-tool="rect" title="Draw a rectangle (R)">…</button>[22m
    [2m  - attempting click action[22m
    [2m    2 × waiting for element to be visible, enabled and stable[22m
    [2m      - element is visible, enabled and stable[22m
    [2m      - scrolling into view if needed[22m
    [2m      - done scrolling[22m
    [2m      - <div class="modal-overlay" id="file-manager-modal">…</div> intercepts pointer events[22m
    [2m    - retrying click action[22m
    [2m    - waiting 20ms[22m
    [2m    2 × waiting for element to be visible, enabled and stable[22m
    [2m      - element is visible, enabled and stable[22m
    [2m      - scrolling into view if needed[22m
    [2m      - done scrolling[22m
    [2m      - <div class="modal-overlay" id="file-manager-modal">…</div> intercepts pointer events[22m
    [2m    - retrying click action[22m
    [2m      - waiting 100ms[22m
    [2m    56 × waiting for element to be visible, enabled and stable[22m
    [2m       - element is visible, enabled and stable[22m
    [2m       - scrolling into view if needed[22m
    [2m       - done scrolling[22m
    [2m       - <div class="modal-overlay" id="file-manager-modal">…</div> intercepts pointer events[22m
    [2m     - retrying click action[22m
    [2m       - waiting 500ms[22m


      4 |
      5 | async function drawRect(page: Page, x1: number, y1: number, x2: number, y2: number) {
    > 6 |   await page.click('[data-tool="rect"]');
        |              ^
      7 |   await page.mouse.move(x1, y1);
      8 |   await page.mouse.down();
      9 |   await page.mouse.move(x2, y2);
        at drawRect (C:\Users\toshi\python\StencilDesinger3\tests\e2e\basic.spec.ts:6:14)
        at C:\Users\toshi\python\StencilDesinger3\tests\e2e\basic.spec.ts:808:11

    Error Context: test-results\basic-18-Undo-Redo-buttons-18-2-undo-button-click-works-chromium\error-context.md


[1A[2K  49) [chromium] › tests\e2e\basic.spec.ts:814:3 › 18. Undo/Redo buttons › 18-3 redo button enabled after undo 

    [31mTest timeout of 30000ms exceeded.[39m

    Error: page.click: Test timeout of 30000ms exceeded.
    Call log:
    [2m  - waiting for locator('[data-tool="rect"]')[22m
    [2m    - locator resolved to <button class="tool-btn" data-tool="rect" title="Draw a rectangle (R)">…</button>[22m
    [2m  - attempting click action[22m
    [2m    2 × waiting for element to be visible, enabled and stable[22m
    [2m      - element is visible, enabled and stable[22m
    [2m      - scrolling into view if needed[22m
    [2m      - done scrolling[22m
    [2m      - <div class="modal-overlay" id="file-manager-modal">…</div> intercepts pointer events[22m
    [2m    - retrying click action[22m
    [2m    - waiting 20ms[22m
    [2m    2 × waiting for element to be visible, enabled and stable[22m
    [2m      - element is visible, enabled and stable[22m
    [2m      - scrolling into view if needed[22m
    [2m      - done scrolling[22m
    [2m      - <div class="modal-overlay" id="file-manager-modal">…</div> intercepts pointer events[22m
    [2m    - retrying click action[22m
    [2m      - waiting 100ms[22m
    [2m    56 × waiting for element to be visible, enabled and stable[22m
    [2m       - element is visible, enabled and stable[22m
    [2m       - scrolling into view if needed[22m
    [2m       - done scrolling[22m
    [2m       - <div class="modal-overlay" id="file-manager-modal">…</div> intercepts pointer events[22m
    [2m     - retrying click action[22m
    [2m       - waiting 500ms[22m


      4 |
      5 | async function drawRect(page: Page, x1: number, y1: number, x2: number, y2: number) {
    > 6 |   await page.click('[data-tool="rect"]');
        |              ^
      7 |   await page.mouse.move(x1, y1);
      8 |   await page.mouse.down();
      9 |   await page.mouse.move(x2, y2);
        at drawRect (C:\Users\toshi\python\StencilDesinger3\tests\e2e\basic.spec.ts:6:14)
        at C:\Users\toshi\python\StencilDesinger3\tests\e2e\basic.spec.ts:816:11

    Error Context: test-results\basic-18-Undo-Redo-buttons-411a0-o-button-enabled-after-undo-chromium\error-context.md


[1A[2K[64/178] [chromium] › tests\e2e\basic.spec.ts:896:3 › 20. Fit to content and zoom reset › 20-3 Home key triggers fit-to-content
[1A[2K[65/178] [chromium] › tests\e2e\basic.spec.ts:909:3 › 20. Fit to content and zoom reset › 20-4 Fit with no shapes resets to 50%
[1A[2K  50) [chromium] › tests\e2e\basic.spec.ts:821:3 › 18. Undo/Redo buttons › 18-4 redo button click works 

    [31mTest timeout of 30000ms exceeded.[39m

    Error: page.click: Test timeout of 30000ms exceeded.
    Call log:
    [2m  - waiting for locator('[data-tool="rect"]')[22m
    [2m    - locator resolved to <button class="tool-btn" data-tool="rect" title="Draw a rectangle (R)">…</button>[22m
    [2m  - attempting click action[22m
    [2m    2 × waiting for element to be visible, enabled and stable[22m
    [2m      - element is visible, enabled and stable[22m
    [2m      - scrolling into view if needed[22m
    [2m      - done scrolling[22m
    [2m      - <div class="modal-overlay" id="file-manager-modal">…</div> intercepts pointer events[22m
    [2m    - retrying click action[22m
    [2m    - waiting 20ms[22m
    [2m    2 × waiting for element to be visible, enabled and stable[22m
    [2m      - element is visible, enabled and stable[22m
    [2m      - scrolling into view if needed[22m
    [2m      - done scrolling[22m
    [2m      - <div class="modal-overlay" id="file-manager-modal">…</div> intercepts pointer events[22m
    [2m    - retrying click action[22m
    [2m      - waiting 100ms[22m
    [2m    56 × waiting for element to be visible, enabled and stable[22m
    [2m       - element is visible, enabled and stable[22m
    [2m       - scrolling into view if needed[22m
    [2m       - done scrolling[22m
    [2m       - <div class="modal-overlay" id="file-manager-modal">…</div> intercepts pointer events[22m
    [2m     - retrying click action[22m
    [2m       - waiting 500ms[22m


      4 |
      5 | async function drawRect(page: Page, x1: number, y1: number, x2: number, y2: number) {
    > 6 |   await page.click('[data-tool="rect"]');
        |              ^
      7 |   await page.mouse.move(x1, y1);
      8 |   await page.mouse.down();
      9 |   await page.mouse.move(x2, y2);
        at drawRect (C:\Users\toshi\python\StencilDesinger3\tests\e2e\basic.spec.ts:6:14)
        at C:\Users\toshi\python\StencilDesinger3\tests\e2e\basic.spec.ts:823:11

    Error Context: test-results\basic-18-Undo-Redo-buttons-18-4-redo-button-click-works-chromium\error-context.md


[1A[2K[66/178] [chromium] › tests\e2e\basic.spec.ts:917:3 › 20. Fit to content and zoom reset › 20-5 clicking zoom display resets to 100%
[1A[2K  51) [chromium] › tests\e2e\basic.spec.ts:834:3 › 19. Autosave and restore › 19-1 Ctrl+S saves without error 

    [31mTest timeout of 30000ms exceeded.[39m

    Error: page.click: Test timeout of 30000ms exceeded.
    Call log:
    [2m  - waiting for locator('[data-tool="rect"]')[22m
    [2m    - locator resolved to <button class="tool-btn" data-tool="rect" title="Draw a rectangle (R)">…</button>[22m
    [2m  - attempting click action[22m
    [2m    2 × waiting for element to be visible, enabled and stable[22m
    [2m      - element is visible, enabled and stable[22m
    [2m      - scrolling into view if needed[22m
    [2m      - done scrolling[22m
    [2m      - <div class="modal-overlay" id="file-manager-modal">…</div> intercepts pointer events[22m
    [2m    - retrying click action[22m
    [2m    - waiting 20ms[22m
    [2m    2 × waiting for element to be visible, enabled and stable[22m
    [2m      - element is visible, enabled and stable[22m
    [2m      - scrolling into view if needed[22m
    [2m      - done scrolling[22m
    [2m      - <div class="modal-overlay" id="file-manager-modal">…</div> intercepts pointer events[22m
    [2m    - retrying click action[22m
    [2m      - waiting 100ms[22m
    [2m    56 × waiting for element to be visible, enabled and stable[22m
    [2m       - element is visible, enabled and stable[22m
    [2m       - scrolling into view if needed[22m
    [2m       - done scrolling[22m
    [2m       - <div class="modal-overlay" id="file-manager-modal">…</div> intercepts pointer events[22m
    [2m     - retrying click action[22m
    [2m       - waiting 500ms[22m


      4 |
      5 | async function drawRect(page: Page, x1: number, y1: number, x2: number, y2: number) {
    > 6 |   await page.click('[data-tool="rect"]');
        |              ^
      7 |   await page.mouse.move(x1, y1);
      8 |   await page.mouse.down();
      9 |   await page.mouse.move(x2, y2);
        at drawRect (C:\Users\toshi\python\StencilDesinger3\tests\e2e\basic.spec.ts:6:14)
        at C:\Users\toshi\python\StencilDesinger3\tests\e2e\basic.spec.ts:838:11

    Error Context: test-results\basic-19-Autosave-and-rest-072f9--Ctrl-S-saves-without-error-chromium\error-context.md


[1A[2K  52) [chromium] › tests\e2e\basic.spec.ts:847:3 › 19. Autosave and restore › 19-2 shapes survive page reload (IndexedDB) 

    [31mTest timeout of 30000ms exceeded.[39m

    Error: page.click: Test timeout of 30000ms exceeded.
    Call log:
    [2m  - waiting for locator('[data-tool="rect"]')[22m
    [2m    - locator resolved to <button class="tool-btn" data-tool="rect" title="Draw a rectangle (R)">…</button>[22m
    [2m  - attempting click action[22m
    [2m    2 × waiting for element to be visible, enabled and stable[22m
    [2m      - element is visible, enabled and stable[22m
    [2m      - scrolling into view if needed[22m
    [2m      - done scrolling[22m
    [2m      - <div class="modal-overlay" id="file-manager-modal">…</div> intercepts pointer events[22m
    [2m    - retrying click action[22m
    [2m    - waiting 20ms[22m
    [2m    2 × waiting for element to be visible, enabled and stable[22m
    [2m      - element is visible, enabled and stable[22m
    [2m      - scrolling into view if needed[22m
    [2m      - done scrolling[22m
    [2m      - <div class="modal-overlay" id="file-manager-modal">…</div> intercepts pointer events[22m
    [2m    - retrying click action[22m
    [2m      - waiting 100ms[22m
    [2m    56 × waiting for element to be visible, enabled and stable[22m
    [2m       - element is visible, enabled and stable[22m
    [2m       - scrolling into view if needed[22m
    [2m       - done scrolling[22m
    [2m       - <div class="modal-overlay" id="file-manager-modal">…</div> intercepts pointer events[22m
    [2m     - retrying click action[22m
    [2m       - waiting 500ms[22m


      4 |
      5 | async function drawRect(page: Page, x1: number, y1: number, x2: number, y2: number) {
    > 6 |   await page.click('[data-tool="rect"]');
        |              ^
      7 |   await page.mouse.move(x1, y1);
      8 |   await page.mouse.down();
      9 |   await page.mouse.move(x2, y2);
        at drawRect (C:\Users\toshi\python\StencilDesinger3\tests\e2e\basic.spec.ts:6:14)
        at C:\Users\toshi\python\StencilDesinger3\tests\e2e\basic.spec.ts:852:11

    Error Context: test-results\basic-19-Autosave-and-rest-532aa-vive-page-reload-IndexedDB--chromium\error-context.md


[1A[2K[67/178] [chromium] › tests\e2e\basic.spec.ts:935:3 › 20. Fit to content and zoom reset › 20-6 auto-grid changes with zoom level
[1A[2K[68/178] [chromium] › tests\e2e\basic.spec.ts:950:3 › 20. Fit to content and zoom reset › 20-7 footer-grid shows µm unit
[1A[2K  53) [chromium] › tests\e2e\basic.spec.ts:917:3 › 20. Fit to content and zoom reset › 20-5 clicking zoom display resets to 100% 

    Error: [2mexpect([22m[31mreceived[39m[2m).[22mtoBeGreaterThan[2m([22m[32mexpected[39m[2m)[22m

    Expected: > [32m50[39m
    Received:   [31m50[39m

      924 |     }
      925 |     const zoomBefore = await page.locator('#footer-zoom').textContent();
    > 926 |     expect(parseInt(zoomBefore ?? '0', 10)).toBeGreaterThan(50);
          |                                             ^
      927 |
      928 |     // Click zoom display to reset
      929 |     await page.click('#footer-zoom');
        at C:\Users\toshi\python\StencilDesinger3\tests\e2e\basic.spec.ts:926:45

    Error Context: test-results\basic-20-Fit-to-content-an-860a3-zoom-display-resets-to-100--chromium\error-context.md


[1A[2K  54) [chromium] › tests\e2e\basic.spec.ts:879:3 › 20. Fit to content and zoom reset › 20-2 Fit button centers shapes (zoom changes) 

    [31mTest timeout of 30000ms exceeded.[39m

    Error: page.click: Test timeout of 30000ms exceeded.
    Call log:
    [2m  - waiting for locator('[data-tool="rect"]')[22m
    [2m    - locator resolved to <button class="tool-btn" data-tool="rect" title="Draw a rectangle (R)">…</button>[22m
    [2m  - attempting click action[22m
    [2m    2 × waiting for element to be visible, enabled and stable[22m
    [2m      - element is visible, enabled and stable[22m
    [2m      - scrolling into view if needed[22m
    [2m      - done scrolling[22m
    [2m      - <div class="modal-overlay" id="file-manager-modal">…</div> intercepts pointer events[22m
    [2m    - retrying click action[22m
    [2m    - waiting 20ms[22m
    [2m    2 × waiting for element to be visible, enabled and stable[22m
    [2m      - element is visible, enabled and stable[22m
    [2m      - scrolling into view if needed[22m
    [2m      - done scrolling[22m
    [2m      - <div class="modal-overlay" id="file-manager-modal">…</div> intercepts pointer events[22m
    [2m    - retrying click action[22m
    [2m      - waiting 100ms[22m
    [2m    56 × waiting for element to be visible, enabled and stable[22m
    [2m       - element is visible, enabled and stable[22m
    [2m       - scrolling into view if needed[22m
    [2m       - done scrolling[22m
    [2m       - <div class="modal-overlay" id="file-manager-modal">…</div> intercepts pointer events[22m
    [2m     - retrying click action[22m
    [2m       - waiting 500ms[22m


      4 |
      5 | async function drawRect(page: Page, x1: number, y1: number, x2: number, y2: number) {
    > 6 |   await page.click('[data-tool="rect"]');
        |              ^
      7 |   await page.mouse.move(x1, y1);
      8 |   await page.mouse.down();
      9 |   await page.mouse.move(x2, y2);
        at drawRect (C:\Users\toshi\python\StencilDesinger3\tests\e2e\basic.spec.ts:6:14)
        at C:\Users\toshi\python\StencilDesinger3\tests\e2e\basic.spec.ts:882:11

    Error Context: test-results\basic-20-Fit-to-content-an-aefc8-enters-shapes-zoom-changes--chromium\error-context.md


[1A[2K[69/178] [chromium] › tests\e2e\basic.spec.ts:966:3 › 22. Polygon tool › 22-1 Polygon button exists and activates
[1A[2K  55) [chromium] › tests\e2e\basic.spec.ts:950:3 › 20. Fit to content and zoom reset › 20-7 footer-grid shows µm unit 

    Error: [2mexpect([22m[31mreceived[39m[2m).[22mtoMatch[2m([22m[32mexpected[39m[2m)[22m

    Expected pattern: [32m/µm/[39m
    Received string:  [31m"0.200 mm"[39m

      950 |   test('20-7 footer-grid shows µm unit', async ({ page }) => {
      951 |     const grid = await page.locator('#footer-grid').textContent();
    > 952 |     expect(grid).toMatch(/µm/);
          |                  ^
      953 |   });
      954 | });
      955 |
        at C:\Users\toshi\python\StencilDesinger3\tests\e2e\basic.spec.ts:952:18

    Error Context: test-results\basic-20-Fit-to-content-an-426e5-7-footer-grid-shows-µm-unit-chromium\error-context.md


[1A[2K  56) [chromium] › tests\e2e\basic.spec.ts:935:3 › 20. Fit to content and zoom reset › 20-6 auto-grid changes with zoom level 

    Error: [2mexpect([22m[31mreceived[39m[2m).[22mnot[2m.[22mtoBe[2m([22m[32mexpected[39m[2m) // Object.is equality[22m

    Expected: not [32m"0.200 mm"[39m

      945 |     await page.waitForTimeout(100);
      946 |     const gridAfter = await page.locator('#footer-grid').textContent();
    > 947 |     expect(gridBefore).not.toBe(gridAfter);
          |                            ^
      948 |   });
      949 |
      950 |   test('20-7 footer-grid shows µm unit', async ({ page }) => {
        at C:\Users\toshi\python\StencilDesinger3\tests\e2e\basic.spec.ts:947:28

    Error Context: test-results\basic-20-Fit-to-content-an-53a83-rid-changes-with-zoom-level-chromium\error-context.md


[1A[2K[70/178] [chromium] › tests\e2e\basic.spec.ts:972:3 › 22. Polygon tool › 22-2 keyboard shortcut P activates Polygon tool
[1A[2K[71/178] [chromium] › tests\e2e\basic.spec.ts:977:3 › 22. Polygon tool › 22-3 triangle via 3 clicks + Enter creates one shape
[1A[2K[72/178] [chromium] › tests\e2e\basic.spec.ts:989:3 › 22. Polygon tool › 22-4 polygon has integer coordinates only
[1A[2K[73/178] [chromium] › tests\e2e\basic.spec.ts:1006:3 › 22. Polygon tool › 22-5 Escape cancels drawing
[1A[2K  57) [chromium] › tests\e2e\basic.spec.ts:896:3 › 20. Fit to content and zoom reset › 20-3 Home key triggers fit-to-content 

    [31mTest timeout of 30000ms exceeded.[39m

    Error: page.click: Test timeout of 30000ms exceeded.
    Call log:
    [2m  - waiting for locator('[data-tool="rect"]')[22m
    [2m    - locator resolved to <button class="tool-btn" data-tool="rect" title="Draw a rectangle (R)">…</button>[22m
    [2m  - attempting click action[22m
    [2m    2 × waiting for element to be visible, enabled and stable[22m
    [2m      - element is visible, enabled and stable[22m
    [2m      - scrolling into view if needed[22m
    [2m      - done scrolling[22m
    [2m      - <div class="modal-overlay" id="file-manager-modal">…</div> intercepts pointer events[22m
    [2m    - retrying click action[22m
    [2m    - waiting 20ms[22m
    [2m    2 × waiting for element to be visible, enabled and stable[22m
    [2m      - element is visible, enabled and stable[22m
    [2m      - scrolling into view if needed[22m
    [2m      - done scrolling[22m
    [2m      - <div class="modal-overlay" id="file-manager-modal">…</div> intercepts pointer events[22m
    [2m    - retrying click action[22m
    [2m      - waiting 100ms[22m
    [2m    56 × waiting for element to be visible, enabled and stable[22m
    [2m       - element is visible, enabled and stable[22m
    [2m       - scrolling into view if needed[22m
    [2m       - done scrolling[22m
    [2m       - <div class="modal-overlay" id="file-manager-modal">…</div> intercepts pointer events[22m
    [2m     - retrying click action[22m
    [2m       - waiting 500ms[22m


      4 |
      5 | async function drawRect(page: Page, x1: number, y1: number, x2: number, y2: number) {
    > 6 |   await page.click('[data-tool="rect"]');
        |              ^
      7 |   await page.mouse.move(x1, y1);
      8 |   await page.mouse.down();
      9 |   await page.mouse.move(x2, y2);
        at drawRect (C:\Users\toshi\python\StencilDesinger3\tests\e2e\basic.spec.ts:6:14)
        at C:\Users\toshi\python\StencilDesinger3\tests\e2e\basic.spec.ts:898:11

    Error Context: test-results\basic-20-Fit-to-content-an-36615-key-triggers-fit-to-content-chromium\error-context.md


[1A[2K  58) [chromium] › tests\e2e\basic.spec.ts:909:3 › 20. Fit to content and zoom reset › 20-4 Fit with no shapes resets to 50% 

    [31mTest timeout of 30000ms exceeded.[39m

    Error: page.click: Test timeout of 30000ms exceeded.
    Call log:
    [2m  - waiting for locator('#btn-fit')[22m
    [2m    - locator resolved to <button id="btn-fit" class="hdr-btn" title="Zoom to fit all shapes (Home)">…</button>[22m
    [2m  - attempting click action[22m
    [2m    2 × waiting for element to be visible, enabled and stable[22m
    [2m      - element is visible, enabled and stable[22m
    [2m      - scrolling into view if needed[22m
    [2m      - done scrolling[22m
    [2m      - <div class="modal-overlay" id="file-manager-modal">…</div> intercepts pointer events[22m
    [2m    - retrying click action[22m
    [2m    - waiting 20ms[22m
    [2m    2 × waiting for element to be visible, enabled and stable[22m
    [2m      - element is visible, enabled and stable[22m
    [2m      - scrolling into view if needed[22m
    [2m      - done scrolling[22m
    [2m      - <div class="modal-overlay" id="file-manager-modal">…</div> intercepts pointer events[22m
    [2m    - retrying click action[22m
    [2m      - waiting 100ms[22m
    [2m    56 × waiting for element to be visible, enabled and stable[22m
    [2m       - element is visible, enabled and stable[22m
    [2m       - scrolling into view if needed[22m
    [2m       - done scrolling[22m
    [2m       - <div class="modal-overlay" id="file-manager-modal">…</div> intercepts pointer events[22m
    [2m     - retrying click action[22m
    [2m       - waiting 500ms[22m


      909 |   test('20-4 Fit with no shapes resets to 50%', async ({ page }) => {
      910 |     // No shapes — fit should reset to default
    > 911 |     await page.click('#btn-fit');
          |                ^
      912 |     await page.waitForTimeout(100);
      913 |     const zoom = await page.locator('#footer-zoom').textContent();
      914 |     expect(zoom).toMatch(/50%/);
        at C:\Users\toshi\python\StencilDesinger3\tests\e2e\basic.spec.ts:911:16

    Error Context: test-results\basic-20-Fit-to-content-an-93682-ith-no-shapes-resets-to-50--chromium\error-context.md


[1A[2K[74/178] [chromium] › tests\e2e\basic.spec.ts:1016:3 › 22. Polygon tool › 22-6 Backspace removes last vertex (Enter after pop still works)
[1A[2K[75/178] [chromium] › tests\e2e\basic.spec.ts:1036:3 › 22. Polygon tool › 22-7 undo removes polygon
[1A[2K  59) [chromium] › tests\e2e\basic.spec.ts:966:3 › 22. Polygon tool › 22-1 Polygon button exists and activates 

    [31mTest timeout of 30000ms exceeded.[39m

    Error: page.click: Test timeout of 30000ms exceeded.
    Call log:
    [2m  - waiting for locator('[data-tool="polygon"]')[22m
    [2m    - locator resolved to <button class="tool-btn" data-tool="polygon" title="Draw a custom shape (P)">…</button>[22m
    [2m  - attempting click action[22m
    [2m    2 × waiting for element to be visible, enabled and stable[22m
    [2m      - element is visible, enabled and stable[22m
    [2m      - scrolling into view if needed[22m
    [2m      - done scrolling[22m
    [2m      - <div class="modal-overlay" id="file-manager-modal">…</div> intercepts pointer events[22m
    [2m    - retrying click action[22m
    [2m    - waiting 20ms[22m
    [2m    2 × waiting for element to be visible, enabled and stable[22m
    [2m      - element is visible, enabled and stable[22m
    [2m      - scrolling into view if needed[22m
    [2m      - done scrolling[22m
    [2m      - <div class="modal-overlay" id="file-manager-modal">…</div> intercepts pointer events[22m
    [2m    - retrying click action[22m
    [2m      - waiting 100ms[22m
    [2m    56 × waiting for element to be visible, enabled and stable[22m
    [2m       - element is visible, enabled and stable[22m
    [2m       - scrolling into view if needed[22m
    [2m       - done scrolling[22m
    [2m       - <div class="modal-overlay" id="file-manager-modal">…</div> intercepts pointer events[22m
    [2m     - retrying click action[22m
    [2m       - waiting 500ms[22m


      966 |   test('22-1 Polygon button exists and activates', async ({ page }) => {
      967 |     await expect(page.locator('[data-tool="polygon"]')).toBeVisible();
    > 968 |     await page.click('[data-tool="polygon"]');
          |                ^
      969 |     await expect(page.locator('[data-tool="polygon"]')).toHaveClass(/active/);
      970 |   });
      971 |
        at C:\Users\toshi\python\StencilDesinger3\tests\e2e\basic.spec.ts:968:16

    Error Context: test-results\basic-22-Polygon-tool-22-1-b6a84-button-exists-and-activates-chromium\error-context.md


[1A[2K[76/178] [chromium] › tests\e2e\basic.spec.ts:1050:3 › 22. Polygon tool › 22-8 polygon has no holes
[1A[2K  60) [chromium] › tests\e2e\basic.spec.ts:977:3 › 22. Polygon tool › 22-3 triangle via 3 clicks + Enter creates one shape 

    [31mTest timeout of 30000ms exceeded.[39m

    Error: page.click: Test timeout of 30000ms exceeded.
    Call log:
    [2m  - waiting for locator('[data-tool="polygon"]')[22m
    [2m    - locator resolved to <button class="tool-btn" data-tool="polygon" title="Draw a custom shape (P)">…</button>[22m
    [2m  - attempting click action[22m
    [2m    2 × waiting for element to be visible, enabled and stable[22m
    [2m      - element is visible, enabled and stable[22m
    [2m      - scrolling into view if needed[22m
    [2m      - done scrolling[22m
    [2m      - <div class="modal-overlay" id="file-manager-modal">…</div> intercepts pointer events[22m
    [2m    - retrying click action[22m
    [2m    - waiting 20ms[22m
    [2m    2 × waiting for element to be visible, enabled and stable[22m
    [2m      - element is visible, enabled and stable[22m
    [2m      - scrolling into view if needed[22m
    [2m      - done scrolling[22m
    [2m      - <div class="modal-overlay" id="file-manager-modal">…</div> intercepts pointer events[22m
    [2m    - retrying click action[22m
    [2m      - waiting 100ms[22m
    [2m    56 × waiting for element to be visible, enabled and stable[22m
    [2m       - element is visible, enabled and stable[22m
    [2m       - scrolling into view if needed[22m
    [2m       - done scrolling[22m
    [2m       - <div class="modal-overlay" id="file-manager-modal">…</div> intercepts pointer events[22m
    [2m     - retrying click action[22m
    [2m       - waiting 500ms[22m


      977 |   test('22-3 triangle via 3 clicks + Enter creates one shape', async ({ page }) => {
      978 |     const box = await canvasBox(page);
    > 979 |     await page.click('[data-tool="polygon"]');
          |                ^
      980 |     // Click 3 vertices
      981 |     await page.mouse.click(box.x + 300, box.y + 150);
      982 |     await page.mouse.click(box.x + 450, box.y + 350);
        at C:\Users\toshi\python\StencilDesinger3\tests\e2e\basic.spec.ts:979:16

    Error Context: test-results\basic-22-Polygon-tool-22-3-b7213-cks-Enter-creates-one-shape-chromium\error-context.md


[1A[2K  61) [chromium] › tests\e2e\basic.spec.ts:989:3 › 22. Polygon tool › 22-4 polygon has integer coordinates only 

    [31mTest timeout of 30000ms exceeded.[39m

    Error: page.click: Test timeout of 30000ms exceeded.
    Call log:
    [2m  - waiting for locator('[data-tool="polygon"]')[22m
    [2m    - locator resolved to <button class="tool-btn" data-tool="polygon" title="Draw a custom shape (P)">…</button>[22m
    [2m  - attempting click action[22m
    [2m    2 × waiting for element to be visible, enabled and stable[22m
    [2m      - element is visible, enabled and stable[22m
    [2m      - scrolling into view if needed[22m
    [2m      - done scrolling[22m
    [2m      - <div class="modal-overlay" id="file-manager-modal">…</div> intercepts pointer events[22m
    [2m    - retrying click action[22m
    [2m    - waiting 20ms[22m
    [2m    2 × waiting for element to be visible, enabled and stable[22m
    [2m      - element is visible, enabled and stable[22m
    [2m      - scrolling into view if needed[22m
    [2m      - done scrolling[22m
    [2m      - <div class="modal-overlay" id="file-manager-modal">…</div> intercepts pointer events[22m
    [2m    - retrying click action[22m
    [2m      - waiting 100ms[22m
    [2m    56 × waiting for element to be visible, enabled and stable[22m
    [2m       - element is visible, enabled and stable[22m
    [2m       - scrolling into view if needed[22m
    [2m       - done scrolling[22m
    [2m       - <div class="modal-overlay" id="file-manager-modal">…</div> intercepts pointer events[22m
    [2m     - retrying click action[22m
    [2m       - waiting 500ms[22m


      989 |   test('22-4 polygon has integer coordinates only', async ({ page }) => {
      990 |     const box = await canvasBox(page);
    > 991 |     await page.click('[data-tool="polygon"]');
          |                ^
      992 |     await page.mouse.click(box.x + 300, box.y + 150);
      993 |     await page.mouse.click(box.x + 450, box.y + 350);
      994 |     await page.mouse.click(box.x + 150, box.y + 350);
        at C:\Users\toshi\python\StencilDesinger3\tests\e2e\basic.spec.ts:991:16

    Error Context: test-results\basic-22-Polygon-tool-22-4-31f7e-as-integer-coordinates-only-chromium\error-context.md


[1A[2K  62) [chromium] › tests\e2e\basic.spec.ts:1006:3 › 22. Polygon tool › 22-5 Escape cancels drawing ─

    [31mTest timeout of 30000ms exceeded.[39m

    Error: page.click: Test timeout of 30000ms exceeded.
    Call log:
    [2m  - waiting for locator('[data-tool="polygon"]')[22m
    [2m    - locator resolved to <button class="tool-btn" data-tool="polygon" title="Draw a custom shape (P)">…</button>[22m
    [2m  - attempting click action[22m
    [2m    2 × waiting for element to be visible, enabled and stable[22m
    [2m      - element is visible, enabled and stable[22m
    [2m      - scrolling into view if needed[22m
    [2m      - done scrolling[22m
    [2m      - <div class="modal-overlay" id="file-manager-modal">…</div> intercepts pointer events[22m
    [2m    - retrying click action[22m
    [2m    - waiting 20ms[22m
    [2m    2 × waiting for element to be visible, enabled and stable[22m
    [2m      - element is visible, enabled and stable[22m
    [2m      - scrolling into view if needed[22m
    [2m      - done scrolling[22m
    [2m      - <div class="modal-overlay" id="file-manager-modal">…</div> intercepts pointer events[22m
    [2m    - retrying click action[22m
    [2m      - waiting 100ms[22m
    [2m    56 × waiting for element to be visible, enabled and stable[22m
    [2m       - element is visible, enabled and stable[22m
    [2m       - scrolling into view if needed[22m
    [2m       - done scrolling[22m
    [2m       - <div class="modal-overlay" id="file-manager-modal">…</div> intercepts pointer events[22m
    [2m     - retrying click action[22m
    [2m       - waiting 500ms[22m


      1006 |   test('22-5 Escape cancels drawing', async ({ page }) => {
      1007 |     const box = await canvasBox(page);
    > 1008 |     await page.click('[data-tool="polygon"]');
           |                ^
      1009 |     await page.mouse.click(box.x + 300, box.y + 150);
      1010 |     await page.mouse.click(box.x + 450, box.y + 350);
      1011 |     await page.keyboard.press('Escape');
        at C:\Users\toshi\python\StencilDesinger3\tests\e2e\basic.spec.ts:1008:16

    Error Context: test-results\basic-22-Polygon-tool-22-5-Escape-cancels-drawing-chromium\error-context.md


[1A[2K[77/178] [chromium] › tests\e2e\basic.spec.ts:1065:3 › 22. Polygon tool › 22-9 pentagon via 5 clicks + Enter
[1A[2K[78/178] [chromium] › tests\e2e\basic.spec.ts:1086:3 › 22. Polygon tool › 22-10 footer shows vertex count while drawing
[1A[2K[79/178] [chromium] › tests\e2e\basic.spec.ts:1095:3 › 22. Polygon tool › 22-11 footer shows Enter/close hint while drawing
[1A[2K  63) [chromium] › tests\e2e\basic.spec.ts:1016:3 › 22. Polygon tool › 22-6 Backspace removes last vertex (Enter after pop still works) 

    [31mTest timeout of 30000ms exceeded.[39m

    Error: page.click: Test timeout of 30000ms exceeded.
    Call log:
    [2m  - waiting for locator('[data-tool="polygon"]')[22m
    [2m    - locator resolved to <button class="tool-btn" data-tool="polygon" title="Draw a custom shape (P)">…</button>[22m
    [2m  - attempting click action[22m
    [2m    2 × waiting for element to be visible, enabled and stable[22m
    [2m      - element is visible, enabled and stable[22m
    [2m      - scrolling into view if needed[22m
    [2m      - done scrolling[22m
    [2m      - <div class="modal-overlay" id="file-manager-modal">…</div> intercepts pointer events[22m
    [2m    - retrying click action[22m
    [2m    - waiting 20ms[22m
    [2m    2 × waiting for element to be visible, enabled and stable[22m
    [2m      - element is visible, enabled and stable[22m
    [2m      - scrolling into view if needed[22m
    [2m      - done scrolling[22m
    [2m      - <div class="modal-overlay" id="file-manager-modal">…</div> intercepts pointer events[22m
    [2m    - retrying click action[22m
    [2m      - waiting 100ms[22m
    [2m    55 × waiting for element to be visible, enabled and stable[22m
    [2m       - element is visible, enabled and stable[22m
    [2m       - scrolling into view if needed[22m
    [2m       - done scrolling[22m
    [2m       - <div class="modal-overlay" id="file-manager-modal">…</div> intercepts pointer events[22m
    [2m     - retrying click action[22m
    [2m       - waiting 500ms[22m


      1016 |   test('22-6 Backspace removes last vertex (Enter after pop still works)', async ({ page }) => {
      1017 |     const box = await canvasBox(page);
    > 1018 |     await page.click('[data-tool="polygon"]');
           |                ^
      1019 |     // Click 4 vertices, then Backspace to remove last, then Enter to commit triangle
      1020 |     await page.mouse.click(box.x + 300, box.y + 100);
      1021 |     await page.mouse.click(box.x + 500, box.y + 350);
        at C:\Users\toshi\python\StencilDesinger3\tests\e2e\basic.spec.ts:1018:16

    Error Context: test-results\basic-22-Polygon-tool-22-6-85a8a-nter-after-pop-still-works--chromium\error-context.md


[1A[2K  64) [chromium] › tests\e2e\basic.spec.ts:1036:3 › 22. Polygon tool › 22-7 undo removes polygon ───

    [31mTest timeout of 30000ms exceeded.[39m

    Error: page.click: Test timeout of 30000ms exceeded.
    Call log:
    [2m  - waiting for locator('[data-tool="polygon"]')[22m
    [2m    - locator resolved to <button class="tool-btn" data-tool="polygon" title="Draw a custom shape (P)">…</button>[22m
    [2m  - attempting click action[22m
    [2m    2 × waiting for element to be visible, enabled and stable[22m
    [2m      - element is visible, enabled and stable[22m
    [2m      - scrolling into view if needed[22m
    [2m      - done scrolling[22m
    [2m      - <div class="modal-overlay" id="file-manager-modal">…</div> intercepts pointer events[22m
    [2m    - retrying click action[22m
    [2m    - waiting 20ms[22m
    [2m    2 × waiting for element to be visible, enabled and stable[22m
    [2m      - element is visible, enabled and stable[22m
    [2m      - scrolling into view if needed[22m
    [2m      - done scrolling[22m
    [2m      - <div class="modal-overlay" id="file-manager-modal">…</div> intercepts pointer events[22m
    [2m    - retrying click action[22m
    [2m      - waiting 100ms[22m
    [2m    55 × waiting for element to be visible, enabled and stable[22m
    [2m       - element is visible, enabled and stable[22m
    [2m       - scrolling into view if needed[22m
    [2m       - done scrolling[22m
    [2m       - <div class="modal-overlay" id="file-manager-modal">…</div> intercepts pointer events[22m
    [2m     - retrying click action[22m
    [2m       - waiting 500ms[22m


      1036 |   test('22-7 undo removes polygon', async ({ page }) => {
      1037 |     const box = await canvasBox(page);
    > 1038 |     await page.click('[data-tool="polygon"]');
           |                ^
      1039 |     await page.mouse.click(box.x + 300, box.y + 150);
      1040 |     await page.mouse.click(box.x + 450, box.y + 350);
      1041 |     await page.mouse.click(box.x + 150, box.y + 350);
        at C:\Users\toshi\python\StencilDesinger3\tests\e2e\basic.spec.ts:1038:16

    Error Context: test-results\basic-22-Polygon-tool-22-7-undo-removes-polygon-chromium\error-context.md


[1A[2K[80/178] [chromium] › tests\e2e\basic.spec.ts:1103:3 › 22. Polygon tool › 22-12 draft.willClose true when hovering near first vertex
[1A[2K[81/178] [chromium] › tests\e2e\basic.spec.ts:1118:3 › 22. Polygon tool › 22-13 clicking near first vertex commits polygon
[1A[2K  65) [chromium] › tests\e2e\basic.spec.ts:1050:3 › 22. Polygon tool › 22-8 polygon has no holes ───

    [31mTest timeout of 30000ms exceeded.[39m

    Error: page.click: Test timeout of 30000ms exceeded.
    Call log:
    [2m  - waiting for locator('[data-tool="polygon"]')[22m
    [2m    - locator resolved to <button class="tool-btn" data-tool="polygon" title="Draw a custom shape (P)">…</button>[22m
    [2m  - attempting click action[22m
    [2m    2 × waiting for element to be visible, enabled and stable[22m
    [2m      - element is visible, enabled and stable[22m
    [2m      - scrolling into view if needed[22m
    [2m      - done scrolling[22m
    [2m      - <div class="modal-overlay" id="file-manager-modal">…</div> intercepts pointer events[22m
    [2m    - retrying click action[22m
    [2m    - waiting 20ms[22m
    [2m    2 × waiting for element to be visible, enabled and stable[22m
    [2m      - element is visible, enabled and stable[22m
    [2m      - scrolling into view if needed[22m
    [2m      - done scrolling[22m
    [2m      - <div class="modal-overlay" id="file-manager-modal">…</div> intercepts pointer events[22m
    [2m    - retrying click action[22m
    [2m      - waiting 100ms[22m
    [2m    55 × waiting for element to be visible, enabled and stable[22m
    [2m       - element is visible, enabled and stable[22m
    [2m       - scrolling into view if needed[22m
    [2m       - done scrolling[22m
    [2m       - <div class="modal-overlay" id="file-manager-modal">…</div> intercepts pointer events[22m
    [2m     - retrying click action[22m
    [2m       - waiting 500ms[22m


      1050 |   test('22-8 polygon has no holes', async ({ page }) => {
      1051 |     const box = await canvasBox(page);
    > 1052 |     await page.click('[data-tool="polygon"]');
           |                ^
      1053 |     await page.mouse.click(box.x + 300, box.y + 150);
      1054 |     await page.mouse.click(box.x + 450, box.y + 350);
      1055 |     await page.mouse.click(box.x + 150, box.y + 350);
        at C:\Users\toshi\python\StencilDesinger3\tests\e2e\basic.spec.ts:1052:16

    Error Context: test-results\basic-22-Polygon-tool-22-8-polygon-has-no-holes-chromium\error-context.md


[1A[2K[82/178] [chromium] › tests\e2e\basic.spec.ts:1131:3 › 22. Polygon tool › 22-14 double-click commits polygon
[1A[2K  66) [chromium] › tests\e2e\basic.spec.ts:1065:3 › 22. Polygon tool › 22-9 pentagon via 5 clicks + Enter 

    [31mTest timeout of 30000ms exceeded.[39m

    Error: page.click: Test timeout of 30000ms exceeded.
    Call log:
    [2m  - waiting for locator('[data-tool="polygon"]')[22m
    [2m    - locator resolved to <button class="tool-btn" data-tool="polygon" title="Draw a custom shape (P)">…</button>[22m
    [2m  - attempting click action[22m
    [2m    2 × waiting for element to be visible, enabled and stable[22m
    [2m      - element is visible, enabled and stable[22m
    [2m      - scrolling into view if needed[22m
    [2m      - done scrolling[22m
    [2m      - <div class="modal-overlay" id="file-manager-modal">…</div> intercepts pointer events[22m
    [2m    - retrying click action[22m
    [2m    - waiting 20ms[22m
    [2m    2 × waiting for element to be visible, enabled and stable[22m
    [2m      - element is visible, enabled and stable[22m
    [2m      - scrolling into view if needed[22m
    [2m      - done scrolling[22m
    [2m      - <div class="modal-overlay" id="file-manager-modal">…</div> intercepts pointer events[22m
    [2m    - retrying click action[22m
    [2m      - waiting 100ms[22m
    [2m    55 × waiting for element to be visible, enabled and stable[22m
    [2m       - element is visible, enabled and stable[22m
    [2m       - scrolling into view if needed[22m
    [2m       - done scrolling[22m
    [2m       - <div class="modal-overlay" id="file-manager-modal">…</div> intercepts pointer events[22m
    [2m     - retrying click action[22m
    [2m       - waiting 500ms[22m


      1068 |     const cy = box.y + box.height / 2;
      1069 |     const r = 100;
    > 1070 |     await page.click('[data-tool="polygon"]');
           |                ^
      1071 |     for (let i = 0; i < 5; i++) {
      1072 |       const angle = (2 * Math.PI * i) / 5 - Math.PI / 2;
      1073 |       await page.mouse.click(cx + r * Math.cos(angle), cy + r * Math.sin(angle));
        at C:\Users\toshi\python\StencilDesinger3\tests\e2e\basic.spec.ts:1070:16

    Error Context: test-results\basic-22-Polygon-tool-22-9-pentagon-via-5-clicks-Enter-chromium\error-context.md


[1A[2K  67) [chromium] › tests\e2e\basic.spec.ts:1086:3 › 22. Polygon tool › 22-10 footer shows vertex count while drawing 

    [31mTest timeout of 30000ms exceeded.[39m

    Error: page.click: Test timeout of 30000ms exceeded.
    Call log:
    [2m  - waiting for locator('[data-tool="polygon"]')[22m
    [2m    - locator resolved to <button class="tool-btn" data-tool="polygon" title="Draw a custom shape (P)">…</button>[22m
    [2m  - attempting click action[22m
    [2m    2 × waiting for element to be visible, enabled and stable[22m
    [2m      - element is visible, enabled and stable[22m
    [2m      - scrolling into view if needed[22m
    [2m      - done scrolling[22m
    [2m      - <div class="modal-overlay" id="file-manager-modal">…</div> intercepts pointer events[22m
    [2m    - retrying click action[22m
    [2m    - waiting 20ms[22m
    [2m    2 × waiting for element to be visible, enabled and stable[22m
    [2m      - element is visible, enabled and stable[22m
    [2m      - scrolling into view if needed[22m
    [2m      - done scrolling[22m
    [2m      - <div class="modal-overlay" id="file-manager-modal">…</div> intercepts pointer events[22m
    [2m    - retrying click action[22m
    [2m      - waiting 100ms[22m
    [2m    55 × waiting for element to be visible, enabled and stable[22m
    [2m       - element is visible, enabled and stable[22m
    [2m       - scrolling into view if needed[22m
    [2m       - done scrolling[22m
    [2m       - <div class="modal-overlay" id="file-manager-modal">…</div> intercepts pointer events[22m
    [2m     - retrying click action[22m
    [2m       - waiting 500ms[22m


      1086 |   test('22-10 footer shows vertex count while drawing', async ({ page }) => {
      1087 |     const box = await canvasBox(page);
    > 1088 |     await page.click('[data-tool="polygon"]');
           |                ^
      1089 |     await page.mouse.click(box.x + 300, box.y + 150);
      1090 |     await page.mouse.click(box.x + 450, box.y + 350);
      1091 |     await page.mouse.click(box.x + 150, box.y + 350);
        at C:\Users\toshi\python\StencilDesinger3\tests\e2e\basic.spec.ts:1088:16

    Error Context: test-results\basic-22-Polygon-tool-22-1-e9263--vertex-count-while-drawing-chromium\error-context.md


[1A[2K  68) [chromium] › tests\e2e\basic.spec.ts:1095:3 › 22. Polygon tool › 22-11 footer shows Enter/close hint while drawing 

    [31mTest timeout of 30000ms exceeded.[39m

    Error: page.click: Test timeout of 30000ms exceeded.
    Call log:
    [2m  - waiting for locator('[data-tool="polygon"]')[22m
    [2m    - locator resolved to <button class="tool-btn" data-tool="polygon" title="Draw a custom shape (P)">…</button>[22m
    [2m  - attempting click action[22m
    [2m    2 × waiting for element to be visible, enabled and stable[22m
    [2m      - element is visible, enabled and stable[22m
    [2m      - scrolling into view if needed[22m
    [2m      - done scrolling[22m
    [2m      - <div class="modal-overlay" id="file-manager-modal">…</div> intercepts pointer events[22m
    [2m    - retrying click action[22m
    [2m    - waiting 20ms[22m
    [2m    2 × waiting for element to be visible, enabled and stable[22m
    [2m      - element is visible, enabled and stable[22m
    [2m      - scrolling into view if needed[22m
    [2m      - done scrolling[22m
    [2m      - <div class="modal-overlay" id="file-manager-modal">…</div> intercepts pointer events[22m
    [2m    - retrying click action[22m
    [2m      - waiting 100ms[22m
    [2m    55 × waiting for element to be visible, enabled and stable[22m
    [2m       - element is visible, enabled and stable[22m
    [2m       - scrolling into view if needed[22m
    [2m       - done scrolling[22m
    [2m       - <div class="modal-overlay" id="file-manager-modal">…</div> intercepts pointer events[22m
    [2m     - retrying click action[22m
    [2m       - waiting 500ms[22m


      1095 |   test('22-11 footer shows Enter/close hint while drawing', async ({ page }) => {
      1096 |     const box = await canvasBox(page);
    > 1097 |     await page.click('[data-tool="polygon"]');
           |                ^
      1098 |     await page.mouse.click(box.x + 300, box.y + 150);
      1099 |     await page.mouse.click(box.x + 450, box.y + 350);
      1100 |     await expect(page.locator('#footer-h')).toContainText('Enter');
        at C:\Users\toshi\python\StencilDesinger3\tests\e2e\basic.spec.ts:1097:16

    Error Context: test-results\basic-22-Polygon-tool-22-1-f0e41-er-close-hint-while-drawing-chromium\error-context.md


[1A[2K[83/178] [chromium] › tests\e2e\basic.spec.ts:1149:3 › 22. Polygon tool › 22-15 self-intersecting polygon is rejected on commit
[1A[2K[84/178] [chromium] › tests\e2e\basic.spec.ts:1162:3 › 22. Polygon tool › 22-16 Shift constrains angle to 15-degree multiples
[1A[2K[85/178] [chromium] › tests\e2e\basic.spec.ts:1182:3 › 22. Polygon tool › 22-17 polygon can be selected after creation
[1A[2K  69) [chromium] › tests\e2e\basic.spec.ts:1103:3 › 22. Polygon tool › 22-12 draft.willClose true when hovering near first vertex 

    [31mTest timeout of 30000ms exceeded.[39m

    Error: page.click: Test timeout of 30000ms exceeded.
    Call log:
    [2m  - waiting for locator('[data-tool="polygon"]')[22m
    [2m    - locator resolved to <button class="tool-btn" data-tool="polygon" title="Draw a custom shape (P)">…</button>[22m
    [2m  - attempting click action[22m
    [2m    2 × waiting for element to be visible, enabled and stable[22m
    [2m      - element is visible, enabled and stable[22m
    [2m      - scrolling into view if needed[22m
    [2m      - done scrolling[22m
    [2m      - <div class="modal-overlay" id="file-manager-modal">…</div> intercepts pointer events[22m
    [2m    - retrying click action[22m
    [2m    - waiting 20ms[22m
    [2m    2 × waiting for element to be visible, enabled and stable[22m
    [2m      - element is visible, enabled and stable[22m
    [2m      - scrolling into view if needed[22m
    [2m      - done scrolling[22m
    [2m      - <div class="modal-overlay" id="file-manager-modal">…</div> intercepts pointer events[22m
    [2m    - retrying click action[22m
    [2m      - waiting 100ms[22m
    [2m    55 × waiting for element to be visible, enabled and stable[22m
    [2m       - element is visible, enabled and stable[22m
    [2m       - scrolling into view if needed[22m
    [2m       - done scrolling[22m
    [2m       - <div class="modal-overlay" id="file-manager-modal">…</div> intercepts pointer events[22m
    [2m     - retrying click action[22m
    [2m       - waiting 500ms[22m


      1103 |   test('22-12 draft.willClose true when hovering near first vertex', async ({ page }) => {
      1104 |     const box = await canvasBox(page);
    > 1105 |     await page.click('[data-tool="polygon"]');
           |                ^
      1106 |     await page.mouse.click(box.x + 300, box.y + 150);
      1107 |     await page.mouse.click(box.x + 450, box.y + 350);
      1108 |     await page.mouse.click(box.x + 150, box.y + 350);
        at C:\Users\toshi\python\StencilDesinger3\tests\e2e\basic.spec.ts:1105:16

    Error Context: test-results\basic-22-Polygon-tool-22-1-abcf1--hovering-near-first-vertex-chromium\error-context.md


[1A[2K  70) [chromium] › tests\e2e\basic.spec.ts:1118:3 › 22. Polygon tool › 22-13 clicking near first vertex commits polygon 

    [31mTest timeout of 30000ms exceeded.[39m

    Error: page.click: Test timeout of 30000ms exceeded.
    Call log:
    [2m  - waiting for locator('[data-tool="polygon"]')[22m
    [2m    - locator resolved to <button class="tool-btn" data-tool="polygon" title="Draw a custom shape (P)">…</button>[22m
    [2m  - attempting click action[22m
    [2m    2 × waiting for element to be visible, enabled and stable[22m
    [2m      - element is visible, enabled and stable[22m
    [2m      - scrolling into view if needed[22m
    [2m      - done scrolling[22m
    [2m      - <div class="modal-overlay" id="file-manager-modal">…</div> intercepts pointer events[22m
    [2m    - retrying click action[22m
    [2m    - waiting 20ms[22m
    [2m    2 × waiting for element to be visible, enabled and stable[22m
    [2m      - element is visible, enabled and stable[22m
    [2m      - scrolling into view if needed[22m
    [2m      - done scrolling[22m
    [2m      - <div class="modal-overlay" id="file-manager-modal">…</div> intercepts pointer events[22m
    [2m    - retrying click action[22m
    [2m      - waiting 100ms[22m
    [2m    55 × waiting for element to be visible, enabled and stable[22m
    [2m       - element is visible, enabled and stable[22m
    [2m       - scrolling into view if needed[22m
    [2m       - done scrolling[22m
    [2m       - <div class="modal-overlay" id="file-manager-modal">…</div> intercepts pointer events[22m
    [2m     - retrying click action[22m
    [2m       - waiting 500ms[22m


      1118 |   test('22-13 clicking near first vertex commits polygon', async ({ page }) => {
      1119 |     const box = await canvasBox(page);
    > 1120 |     await page.click('[data-tool="polygon"]');
           |                ^
      1121 |     await page.mouse.click(box.x + 300, box.y + 150);
      1122 |     await page.mouse.click(box.x + 450, box.y + 350);
      1123 |     await page.mouse.click(box.x + 150, box.y + 350);
        at C:\Users\toshi\python\StencilDesinger3\tests\e2e\basic.spec.ts:1120:16

    Error Context: test-results\basic-22-Polygon-tool-22-1-03363-irst-vertex-commits-polygon-chromium\error-context.md


[1A[2K[86/178] [chromium] › tests\e2e\basic.spec.ts:1198:3 › 22. Polygon tool › 22-18 can draw multiple polygons sequentially
[1A[2K[87/178] [chromium] › tests\e2e\basic.spec.ts:1221:3 › 21. Console error check › 21-1 no JS errors on load
[1A[2K[88/178] [chromium] › tests\e2e\basic.spec.ts:1230:3 › 21. Console error check › 21-2 Clipper is available without CDN
[1A[2K[89/178] [chromium] › tests\e2e\basic.spec.ts:1245:3 › 21. Console error check › 21-3 no NaN in coordinates after draw
[1A[2K  71) [chromium] › tests\e2e\basic.spec.ts:1131:3 › 22. Polygon tool › 22-14 double-click commits polygon 

    [31mTest timeout of 30000ms exceeded.[39m

    Error: page.click: Test timeout of 30000ms exceeded.
    Call log:
    [2m  - waiting for locator('[data-tool="polygon"]')[22m
    [2m    - locator resolved to <button class="tool-btn" data-tool="polygon" title="Draw a custom shape (P)">…</button>[22m
    [2m  - attempting click action[22m
    [2m    2 × waiting for element to be visible, enabled and stable[22m
    [2m      - element is visible, enabled and stable[22m
    [2m      - scrolling into view if needed[22m
    [2m      - done scrolling[22m
    [2m      - <div class="modal-overlay" id="file-manager-modal">…</div> intercepts pointer events[22m
    [2m    - retrying click action[22m
    [2m    - waiting 20ms[22m
    [2m    2 × waiting for element to be visible, enabled and stable[22m
    [2m      - element is visible, enabled and stable[22m
    [2m      - scrolling into view if needed[22m
    [2m      - done scrolling[22m
    [2m      - <div class="modal-overlay" id="file-manager-modal">…</div> intercepts pointer events[22m
    [2m    - retrying click action[22m
    [2m      - waiting 100ms[22m
    [2m    55 × waiting for element to be visible, enabled and stable[22m
    [2m       - element is visible, enabled and stable[22m
    [2m       - scrolling into view if needed[22m
    [2m       - done scrolling[22m
    [2m       - <div class="modal-overlay" id="file-manager-modal">…</div> intercepts pointer events[22m
    [2m     - retrying click action[22m
    [2m       - waiting 500ms[22m


      1131 |   test('22-14 double-click commits polygon', async ({ page }) => {
      1132 |     const box = await canvasBox(page);
    > 1133 |     await page.click('[data-tool="polygon"]');
           |                ^
      1134 |     // A rectangle-like shape via 3 clicks + dblclick
      1135 |     await page.mouse.click(box.x + 350, box.y + 150); // world(600,200)
      1136 |     await page.mouse.click(box.x + 550, box.y + 150); // world(1000,200)
        at C:\Users\toshi\python\StencilDesinger3\tests\e2e\basic.spec.ts:1133:16

    Error Context: test-results\basic-22-Polygon-tool-22-14-double-click-commits-polygon-chromium\error-context.md


[1A[2K[90/178] [firefox] › tests\e2e\basic.spec.ts:55:3 › 1. Initial display › 1-1 page title
[1A[2K  72) [chromium] › tests\e2e\basic.spec.ts:1149:3 › 22. Polygon tool › 22-15 self-intersecting polygon is rejected on commit 

    [31mTest timeout of 30000ms exceeded.[39m

    Error: page.click: Test timeout of 30000ms exceeded.
    Call log:
    [2m  - waiting for locator('[data-tool="polygon"]')[22m
    [2m    - locator resolved to <button class="tool-btn" data-tool="polygon" title="Draw a custom shape (P)">…</button>[22m
    [2m  - attempting click action[22m
    [2m    2 × waiting for element to be visible, enabled and stable[22m
    [2m      - element is visible, enabled and stable[22m
    [2m      - scrolling into view if needed[22m
    [2m      - done scrolling[22m
    [2m      - <div class="modal-overlay" id="file-manager-modal">…</div> intercepts pointer events[22m
    [2m    - retrying click action[22m
    [2m    - waiting 20ms[22m
    [2m    2 × waiting for element to be visible, enabled and stable[22m
    [2m      - element is visible, enabled and stable[22m
    [2m      - scrolling into view if needed[22m
    [2m      - done scrolling[22m
    [2m      - <div class="modal-overlay" id="file-manager-modal">…</div> intercepts pointer events[22m
    [2m    - retrying click action[22m
    [2m      - waiting 100ms[22m
    [2m    55 × waiting for element to be visible, enabled and stable[22m
    [2m       - element is visible, enabled and stable[22m
    [2m       - scrolling into view if needed[22m
    [2m       - done scrolling[22m
    [2m       - <div class="modal-overlay" id="file-manager-modal">…</div> intercepts pointer events[22m
    [2m     - retrying click action[22m
    [2m       - waiting 500ms[22m


      1149 |   test('22-15 self-intersecting polygon is rejected on commit', async ({ page }) => {
      1150 |     const box = await canvasBox(page);
    > 1151 |     await page.click('[data-tool="polygon"]');
           |                ^
      1152 |     // Bowtie: A(350,150) B(450,350) C(450,150) D(350,350) — A-B crosses C-D
      1153 |     await page.mouse.click(box.x + 350, box.y + 150);
      1154 |     await page.mouse.click(box.x + 450, box.y + 350);
        at C:\Users\toshi\python\StencilDesinger3\tests\e2e\basic.spec.ts:1151:16

    Error Context: test-results\basic-22-Polygon-tool-22-1-fb97c-lygon-is-rejected-on-commit-chromium\error-context.md


[1A[2K  73) [chromium] › tests\e2e\basic.spec.ts:1162:3 › 22. Polygon tool › 22-16 Shift constrains angle to 15-degree multiples 

    [31mTest timeout of 30000ms exceeded.[39m

    Error: page.click: Test timeout of 30000ms exceeded.
    Call log:
    [2m  - waiting for locator('[data-tool="polygon"]')[22m
    [2m    - locator resolved to <button class="tool-btn" data-tool="polygon" title="Draw a custom shape (P)">…</button>[22m
    [2m  - attempting click action[22m
    [2m    2 × waiting for element to be visible, enabled and stable[22m
    [2m      - element is visible, enabled and stable[22m
    [2m      - scrolling into view if needed[22m
    [2m      - done scrolling[22m
    [2m      - <div class="modal-overlay" id="file-manager-modal">…</div> intercepts pointer events[22m
    [2m    - retrying click action[22m
    [2m    - waiting 20ms[22m
    [2m    2 × waiting for element to be visible, enabled and stable[22m
    [2m      - element is visible, enabled and stable[22m
    [2m      - scrolling into view if needed[22m
    [2m      - done scrolling[22m
    [2m      - <div class="modal-overlay" id="file-manager-modal">…</div> intercepts pointer events[22m
    [2m    - retrying click action[22m
    [2m      - waiting 100ms[22m
    [2m    55 × waiting for element to be visible, enabled and stable[22m
    [2m       - element is visible, enabled and stable[22m
    [2m       - scrolling into view if needed[22m
    [2m       - done scrolling[22m
    [2m       - <div class="modal-overlay" id="file-manager-modal">…</div> intercepts pointer events[22m
    [2m     - retrying click action[22m
    [2m       - waiting 500ms[22m


      1162 |   test('22-16 Shift constrains angle to 15-degree multiples', async ({ page }) => {
      1163 |     const box = await canvasBox(page);
    > 1164 |     await page.click('[data-tool="polygon"]');
           |                ^
      1165 |     // First vertex at world(600,400)
      1166 |     await page.mouse.click(box.x + 350, box.y + 250);
      1167 |     // With Shift, move to canvas(650,350): grid-snapped world=(1200,600)
        at C:\Users\toshi\python\StencilDesinger3\tests\e2e\basic.spec.ts:1164:16

    Error Context: test-results\basic-22-Polygon-tool-22-1-bd937-ngle-to-15-degree-multiples-chromium\error-context.md


[1A[2K  74) [chromium] › tests\e2e\basic.spec.ts:1182:3 › 22. Polygon tool › 22-17 polygon can be selected after creation 

    [31mTest timeout of 30000ms exceeded.[39m

    Error: page.click: Test timeout of 30000ms exceeded.
    Call log:
    [2m  - waiting for locator('[data-tool="polygon"]')[22m
    [2m    - locator resolved to <button class="tool-btn" data-tool="polygon" title="Draw a custom shape (P)">…</button>[22m
    [2m  - attempting click action[22m
    [2m    2 × waiting for element to be visible, enabled and stable[22m
    [2m      - element is visible, enabled and stable[22m
    [2m      - scrolling into view if needed[22m
    [2m      - done scrolling[22m
    [2m      - <div class="modal-overlay" id="file-manager-modal">…</div> intercepts pointer events[22m
    [2m    - retrying click action[22m
    [2m    - waiting 20ms[22m
    [2m    2 × waiting for element to be visible, enabled and stable[22m
    [2m      - element is visible, enabled and stable[22m
    [2m      - scrolling into view if needed[22m
    [2m      - done scrolling[22m
    [2m      - <div class="modal-overlay" id="file-manager-modal">…</div> intercepts pointer events[22m
    [2m    - retrying click action[22m
    [2m      - waiting 100ms[22m
    [2m    55 × waiting for element to be visible, enabled and stable[22m
    [2m       - element is visible, enabled and stable[22m
    [2m       - scrolling into view if needed[22m
    [2m       - done scrolling[22m
    [2m       - <div class="modal-overlay" id="file-manager-modal">…</div> intercepts pointer events[22m
    [2m     - retrying click action[22m
    [2m       - waiting 500ms[22m


      1182 |   test('22-17 polygon can be selected after creation', async ({ page }) => {
      1183 |     const box = await canvasBox(page);
    > 1184 |     await page.click('[data-tool="polygon"]');
           |                ^
      1185 |     await page.mouse.click(box.x + 300, box.y + 150);
      1186 |     await page.mouse.click(box.x + 450, box.y + 350);
      1187 |     await page.mouse.click(box.x + 150, box.y + 350);
        at C:\Users\toshi\python\StencilDesinger3\tests\e2e\basic.spec.ts:1184:16

    Error Context: test-results\basic-22-Polygon-tool-22-1-0819a--be-selected-after-creation-chromium\error-context.md


[1A[2K[91/178] [firefox] › tests\e2e\basic.spec.ts:59:3 › 1. Initial display › 1-2 app title text in header
[1A[2K[92/178] [firefox] › tests\e2e\basic.spec.ts:63:3 › 1. Initial display › 1-3 three-column layout exists
[1A[2K[93/178] [firefox] › tests\e2e\basic.spec.ts:69:3 › 1. Initial display › 1-4 footer displays initial values
[1A[2K[94/178] [firefox] › tests\e2e\basic.spec.ts:75:3 › 1. Initial display › 1-5 undo/redo buttons disabled on load
[1A[2K[95/178] [firefox] › tests\e2e\basic.spec.ts:80:3 › 1. Initial display › 1-6 canvas is visible and has non-zero size
[1A[2K[96/178] [firefox] › tests\e2e\basic.spec.ts:95:3 › 2. Theme toggle › 2-1 click Theme applies light class
[1A[2K[97/178] [firefox] › tests\e2e\basic.spec.ts:100:3 › 2. Theme toggle › 2-2 second click restores dark theme
[1A[2K[98/178] [firefox] › tests\e2e\basic.spec.ts:115:3 › 3. Cursor coordinates › 3-1 coordinates update on mouse move
[1A[2K[99/178] [firefox] › tests\e2e\basic.spec.ts:124:3 › 3. Cursor coordinates › 3-2 coordinates are integers
[1A[2K[100/178] [firefox] › tests\e2e\basic.spec.ts:131:3 › 3. Cursor coordinates › 3-3 moving to different positions changes values
[1A[2K[101/178] [firefox] › tests\e2e\basic.spec.ts:149:3 › 4. Zoom and pan › 4-1 scroll wheel changes zoom percentage
[1A[2K  75) [firefox] › tests\e2e\basic.spec.ts:131:3 › 3. Cursor coordinates › 3-3 moving to different positions changes values 

    Error: [2mexpect([22m[31mreceived[39m[2m).[22mnot[2m.[22mtoBe[2m([22m[32mexpected[39m[2m) // Object.is equality[22m

    Expected: not [32m"0"[39m

      135 |     await page.mouse.move(box.x + 400, box.y + 300);
      136 |     const cx2 = await page.locator('#footer-cx').textContent();
    > 137 |     expect(cx1).not.toBe(cx2);
          |                     ^
      138 |   });
      139 | });
      140 |
        at C:\Users\toshi\python\StencilDesinger3\tests\e2e\basic.spec.ts:137:21

    Error Context: test-results\basic-3-Cursor-coordinates-8650e-nt-positions-changes-values-firefox\error-context.md


[1A[2K[102/178] [firefox] › tests\e2e\basic.spec.ts:160:3 › 4. Zoom and pan › 4-2 zoom in increases zoom value
[1A[2K  76) [firefox] › tests\e2e\basic.spec.ts:149:3 › 4. Zoom and pan › 4-1 scroll wheel changes zoom percentage 

    Error: [2mexpect([22m[31mreceived[39m[2m).[22mnot[2m.[22mtoBe[2m([22m[32mexpected[39m[2m) // Object.is equality[22m

    Expected: not [32m"50%"[39m

      155 |     await page.waitForTimeout(100);
      156 |     const zoomAfter = await page.locator('#footer-zoom').textContent();
    > 157 |     expect(zoomBefore).not.toBe(zoomAfter);
          |                            ^
      158 |   });
      159 |
      160 |   test('4-2 zoom in increases zoom value', async ({ page }) => {
        at C:\Users\toshi\python\StencilDesinger3\tests\e2e\basic.spec.ts:157:28

    Error Context: test-results\basic-4-Zoom-and-pan-4-1-s-53750-eel-changes-zoom-percentage-firefox\error-context.md


[1A[2K[103/178] [firefox] › tests\e2e\basic.spec.ts:172:3 › 4. Zoom and pan › 4-3 zoom out decreases zoom value
[1A[2K  77) [firefox] › tests\e2e\basic.spec.ts:160:3 › 4. Zoom and pan › 4-2 zoom in increases zoom value 

    Error: [2mexpect([22m[31mreceived[39m[2m).[22mtoBeGreaterThan[2m([22m[32mexpected[39m[2m)[22m

    Expected: > [32m50[39m
    Received:   [31m50[39m

      167 |     const zoom = await page.locator('#footer-zoom').textContent();
      168 |     const pct = parseInt(zoom ?? '0', 10);
    > 169 |     expect(pct).toBeGreaterThan(50);
          |                 ^
      170 |   });
      171 |
      172 |   test('4-3 zoom out decreases zoom value', async ({ page }) => {
        at C:\Users\toshi\python\StencilDesinger3\tests\e2e\basic.spec.ts:169:17

    Error Context: test-results\basic-4-Zoom-and-pan-4-2-zoom-in-increases-zoom-value-firefox\error-context.md


[1A[2K[104/178] [firefox] › tests\e2e\basic.spec.ts:184:3 › 4. Zoom and pan › 4-4 right-drag pans canvas
[1A[2K  78) [firefox] › tests\e2e\basic.spec.ts:172:3 › 4. Zoom and pan › 4-3 zoom out decreases zoom value 

    Error: [2mexpect([22m[31mreceived[39m[2m).[22mtoBeLessThan[2m([22m[32mexpected[39m[2m)[22m

    Expected: < [32m50[39m
    Received:   [31m50[39m

      179 |     const zoom = await page.locator('#footer-zoom').textContent();
      180 |     const pct = parseInt(zoom ?? '100', 10);
    > 181 |     expect(pct).toBeLessThan(50);
          |                 ^
      182 |   });
      183 |
      184 |   test('4-4 right-drag pans canvas', async ({ page }) => {
        at C:\Users\toshi\python\StencilDesinger3\tests\e2e\basic.spec.ts:181:17

    Error Context: test-results\basic-4-Zoom-and-pan-4-3-zoom-out-decreases-zoom-value-firefox\error-context.md


[1A[2K[105/178] [firefox] › tests\e2e\basic.spec.ts:216:3 › 5. Rectangle tool › 5-1 Rect button highlights on click
[1A[2K  79) [firefox] › tests\e2e\basic.spec.ts:184:3 › 4. Zoom and pan › 4-4 right-drag pans canvas ─────

    Error: [2mexpect([22m[31mreceived[39m[2m).[22mnot[2m.[22mtoBe[2m([22m[32mexpected[39m[2m) // Object.is equality[22m

    Expected: not [32m"0"[39m

      197 |     const coordAfter = await page.locator('#footer-cx').textContent();
      198 |     // After pan, same canvas position maps to different world coords
    > 199 |     expect(coordBefore).not.toBe(coordAfter);
          |                             ^
      200 |   });
      201 | });
      202 |
        at C:\Users\toshi\python\StencilDesinger3\tests\e2e\basic.spec.ts:199:29

    Error Context: test-results\basic-4-Zoom-and-pan-4-4-right-drag-pans-canvas-firefox\error-context.md


[1A[2K  80) [chromium] › tests\e2e\basic.spec.ts:1198:3 › 22. Polygon tool › 22-18 can draw multiple polygons sequentially 

    [31mTest timeout of 30000ms exceeded.[39m

    Error: page.click: Test timeout of 30000ms exceeded.
    Call log:
    [2m  - waiting for locator('[data-tool="polygon"]')[22m
    [2m    - locator resolved to <button class="tool-btn" data-tool="polygon" title="Draw a custom shape (P)">…</button>[22m
    [2m  - attempting click action[22m
    [2m    2 × waiting for element to be visible, enabled and stable[22m
    [2m      - element is visible, enabled and stable[22m
    [2m      - scrolling into view if needed[22m
    [2m      - done scrolling[22m
    [2m      - <div class="modal-overlay" id="file-manager-modal">…</div> intercepts pointer events[22m
    [2m    - retrying click action[22m
    [2m    - waiting 20ms[22m
    [2m    2 × waiting for element to be visible, enabled and stable[22m
    [2m      - element is visible, enabled and stable[22m
    [2m      - scrolling into view if needed[22m
    [2m      - done scrolling[22m
    [2m      - <div class="modal-overlay" id="file-manager-modal">…</div> intercepts pointer events[22m
    [2m    - retrying click action[22m
    [2m      - waiting 100ms[22m
    [2m    55 × waiting for element to be visible, enabled and stable[22m
    [2m       - element is visible, enabled and stable[22m
    [2m       - scrolling into view if needed[22m
    [2m       - done scrolling[22m
    [2m       - <div class="modal-overlay" id="file-manager-modal">…</div> intercepts pointer events[22m
    [2m     - retrying click action[22m
    [2m       - waiting 500ms[22m


      1198 |   test('22-18 can draw multiple polygons sequentially', async ({ page }) => {
      1199 |     const box = await canvasBox(page);
    > 1200 |     await page.click('[data-tool="polygon"]');
           |                ^
      1201 |     // First triangle
      1202 |     await page.mouse.click(box.x + 300, box.y + 150);
      1203 |     await page.mouse.click(box.x + 450, box.y + 350);
        at C:\Users\toshi\python\StencilDesinger3\tests\e2e\basic.spec.ts:1200:16

    Error Context: test-results\basic-22-Polygon-tool-22-1-fd14c-tiple-polygons-sequentially-chromium\error-context.md


[1A[2K[106/178] [firefox] › tests\e2e\basic.spec.ts:221:3 › 5. Rectangle tool › 5-2 drawing adds one shape
[1A[2K[107/178] [firefox] › tests\e2e\basic.spec.ts:228:3 › 5. Rectangle tool › 5-3 drawn shape has correct bounding box
[1A[2K  81) [chromium] › tests\e2e\basic.spec.ts:1245:3 › 21. Console error check › 21-3 no NaN in coordinates after draw 

    [31mTest timeout of 30000ms exceeded.[39m

    Error: page.click: Test timeout of 30000ms exceeded.
    Call log:
    [2m  - waiting for locator('[data-tool="rect"]')[22m
    [2m    - locator resolved to <button class="tool-btn" data-tool="rect" title="Draw a rectangle (R)">…</button>[22m
    [2m  - attempting click action[22m
    [2m    2 × waiting for element to be visible, enabled and stable[22m
    [2m      - element is visible, enabled and stable[22m
    [2m      - scrolling into view if needed[22m
    [2m      - done scrolling[22m
    [2m      - <div class="modal-overlay" id="file-manager-modal">…</div> intercepts pointer events[22m
    [2m    - retrying click action[22m
    [2m    - waiting 20ms[22m
    [2m    2 × waiting for element to be visible, enabled and stable[22m
    [2m      - element is visible, enabled and stable[22m
    [2m      - scrolling into view if needed[22m
    [2m      - done scrolling[22m
    [2m      - <div class="modal-overlay" id="file-manager-modal">…</div> intercepts pointer events[22m
    [2m    - retrying click action[22m
    [2m      - waiting 100ms[22m
    [2m    56 × waiting for element to be visible, enabled and stable[22m
    [2m       - element is visible, enabled and stable[22m
    [2m       - scrolling into view if needed[22m
    [2m       - done scrolling[22m
    [2m       - <div class="modal-overlay" id="file-manager-modal">…</div> intercepts pointer events[22m
    [2m     - retrying click action[22m
    [2m       - waiting 500ms[22m


      4 |
      5 | async function drawRect(page: Page, x1: number, y1: number, x2: number, y2: number) {
    > 6 |   await page.click('[data-tool="rect"]');
        |              ^
      7 |   await page.mouse.move(x1, y1);
      8 |   await page.mouse.down();
      9 |   await page.mouse.move(x2, y2);
        at drawRect (C:\Users\toshi\python\StencilDesinger3\tests\e2e\basic.spec.ts:6:14)
        at C:\Users\toshi\python\StencilDesinger3\tests\e2e\basic.spec.ts:1249:11

    Error Context: test-results\basic-21-Console-error-che-02723-N-in-coordinates-after-draw-chromium\error-context.md


[1A[2K[108/178] [firefox] › tests\e2e\basic.spec.ts:251:3 › 5. Rectangle tool › 5-4 Shift constraint makes square
[1A[2K  82) [firefox] › tests\e2e\basic.spec.ts:95:3 › 2. Theme toggle › 2-1 click Theme applies light class 

    [31mTest timeout of 30000ms exceeded.[39m

    Error: page.click: Test timeout of 30000ms exceeded.
    Call log:
    [2m  - waiting for locator('#btn-theme')[22m
    [2m    - locator resolved to <button id="btn-theme" class="hdr-btn" title="Switch light / dark mode">…</button>[22m
    [2m  - attempting click action[22m
    [2m    2 × waiting for element to be visible, enabled and stable[22m
    [2m      - element is visible, enabled and stable[22m
    [2m      - scrolling into view if needed[22m
    [2m      - done scrolling[22m
    [2m      - <div class="modal-overlay" id="file-manager-modal">…</div> intercepts pointer events[22m
    [2m    - retrying click action[22m
    [2m    - waiting 20ms[22m
    [2m    2 × waiting for element to be visible, enabled and stable[22m
    [2m      - element is visible, enabled and stable[22m
    [2m      - scrolling into view if needed[22m
    [2m      - done scrolling[22m
    [2m      - <div class="modal-overlay" id="file-manager-modal">…</div> intercepts pointer events[22m
    [2m    - retrying click action[22m
    [2m      - waiting 100ms[22m
    [2m    51 × waiting for element to be visible, enabled and stable[22m
    [2m       - element is visible, enabled and stable[22m
    [2m       - scrolling into view if needed[22m
    [2m       - done scrolling[22m
    [2m       - <div class="modal-overlay" id="file-manager-modal">…</div> intercepts pointer events[22m
    [2m     - retrying click action[22m
    [2m       - waiting 500ms[22m


      94 |
      95 |   test('2-1 click Theme applies light class', async ({ page }) => {
    > 96 |     await page.click('#btn-theme');
         |                ^
      97 |     await expect(page.locator('body')).toHaveClass(/light/);
      98 |   });
      99 |
        at C:\Users\toshi\python\StencilDesinger3\tests\e2e\basic.spec.ts:96:16

    Error Context: test-results\basic-2-Theme-toggle-2-1-click-Theme-applies-light-class-firefox\error-context.md


[1A[2K  83) [firefox] › tests\e2e\basic.spec.ts:100:3 › 2. Theme toggle › 2-2 second click restores dark theme 

    [31mTest timeout of 30000ms exceeded.[39m

    Error: page.click: Test timeout of 30000ms exceeded.
    Call log:
    [2m  - waiting for locator('#btn-theme')[22m
    [2m    - locator resolved to <button id="btn-theme" class="hdr-btn" title="Switch light / dark mode">…</button>[22m
    [2m  - attempting click action[22m
    [2m    2 × waiting for element to be visible, enabled and stable[22m
    [2m      - element is visible, enabled and stable[22m
    [2m      - scrolling into view if needed[22m
    [2m      - done scrolling[22m
    [2m      - <div class="modal-overlay" id="file-manager-modal">…</div> intercepts pointer events[22m
    [2m    - retrying click action[22m
    [2m    - waiting 20ms[22m
    [2m    2 × waiting for element to be visible, enabled and stable[22m
    [2m      - element is visible, enabled and stable[22m
    [2m      - scrolling into view if needed[22m
    [2m      - done scrolling[22m
    [2m      - <div class="modal-overlay" id="file-manager-modal">…</div> intercepts pointer events[22m
    [2m    - retrying click action[22m
    [2m      - waiting 100ms[22m
    [2m    51 × waiting for element to be visible, enabled and stable[22m
    [2m       - element is visible, enabled and stable[22m
    [2m       - scrolling into view if needed[22m
    [2m       - done scrolling[22m
    [2m       - <div class="modal-overlay" id="file-manager-modal">…</div> intercepts pointer events[22m
    [2m     - retrying click action[22m
    [2m       - waiting 500ms[22m


       99 |
      100 |   test('2-2 second click restores dark theme', async ({ page }) => {
    > 101 |     await page.click('#btn-theme');
          |                ^
      102 |     await page.click('#btn-theme');
      103 |     await expect(page.locator('body')).not.toHaveClass(/light/);
      104 |   });
        at C:\Users\toshi\python\StencilDesinger3\tests\e2e\basic.spec.ts:101:16

    Error Context: test-results\basic-2-Theme-toggle-2-2-second-click-restores-dark-theme-firefox\error-context.md


[1A[2K[109/178] [firefox] › tests\e2e\basic.spec.ts:279:3 › 5. Rectangle tool › 5-5 undo removes shape
[1A[2K[110/178] [firefox] › tests\e2e\basic.spec.ts:288:3 › 5. Rectangle tool › 5-6 undo enables redo
[1A[2K  84) [firefox] › tests\e2e\basic.spec.ts:216:3 › 5. Rectangle tool › 5-1 Rect button highlights on click 

    [31mTest timeout of 30000ms exceeded.[39m

    Error: page.click: Test timeout of 30000ms exceeded.
    Call log:
    [2m  - waiting for locator('[data-tool="rect"]')[22m
    [2m    - locator resolved to <button class="tool-btn" data-tool="rect" title="Draw a rectangle (R)">…</button>[22m
    [2m  - attempting click action[22m
    [2m    2 × waiting for element to be visible, enabled and stable[22m
    [2m      - element is visible, enabled and stable[22m
    [2m      - scrolling into view if needed[22m
    [2m      - done scrolling[22m
    [2m      - <div class="modal-overlay" id="file-manager-modal">…</div> intercepts pointer events[22m
    [2m    - retrying click action[22m
    [2m    - waiting 20ms[22m
    [2m    2 × waiting for element to be visible, enabled and stable[22m
    [2m      - element is visible, enabled and stable[22m
    [2m      - scrolling into view if needed[22m
    [2m      - done scrolling[22m
    [2m      - <div class="modal-overlay" id="file-manager-modal">…</div> intercepts pointer events[22m
    [2m    - retrying click action[22m
    [2m      - waiting 100ms[22m
    [2m    49 × waiting for element to be visible, enabled and stable[22m
    [2m       - element is visible, enabled and stable[22m
    [2m       - scrolling into view if needed[22m
    [2m       - done scrolling[22m
    [2m       - <div class="modal-overlay" id="file-manager-modal">…</div> intercepts pointer events[22m
    [2m     - retrying click action[22m
    [2m       - waiting 500ms[22m


      215 |
      216 |   test('5-1 Rect button highlights on click', async ({ page }) => {
    > 217 |     await page.click('[data-tool="rect"]');
          |                ^
      218 |     await expect(page.locator('[data-tool="rect"]')).toHaveClass(/active/);
      219 |   });
      220 |
        at C:\Users\toshi\python\StencilDesinger3\tests\e2e\basic.spec.ts:217:16

    Error Context: test-results\basic-5-Rectangle-tool-5-1-Rect-button-highlights-on-click-firefox\error-context.md


[1A[2K[111/178] [firefox] › tests\e2e\basic.spec.ts:304:3 › 7. Circle tool › 7-1 Circle button highlights
[1A[2K  85) [firefox] › tests\e2e\basic.spec.ts:221:3 › 5. Rectangle tool › 5-2 drawing adds one shape ───

    [31mTest timeout of 30000ms exceeded.[39m

    Error: page.click: Test timeout of 30000ms exceeded.
    Call log:
    [2m  - waiting for locator('[data-tool="rect"]')[22m
    [2m    - locator resolved to <button class="tool-btn" data-tool="rect" title="Draw a rectangle (R)">…</button>[22m
    [2m  - attempting click action[22m
    [2m    2 × waiting for element to be visible, enabled and stable[22m
    [2m      - element is visible, enabled and stable[22m
    [2m      - scrolling into view if needed[22m
    [2m      - done scrolling[22m
    [2m      - <div class="modal-overlay" id="file-manager-modal">…</div> intercepts pointer events[22m
    [2m    - retrying click action[22m
    [2m    - waiting 20ms[22m
    [2m    2 × waiting for element to be visible, enabled and stable[22m
    [2m      - element is visible, enabled and stable[22m
    [2m      - scrolling into view if needed[22m
    [2m      - done scrolling[22m
    [2m      - <div class="modal-overlay" id="file-manager-modal">…</div> intercepts pointer events[22m
    [2m    - retrying click action[22m
    [2m      - waiting 100ms[22m
    [2m    48 × waiting for element to be visible, enabled and stable[22m
    [2m       - element is visible, enabled and stable[22m
    [2m       - scrolling into view if needed[22m
    [2m       - done scrolling[22m
    [2m       - <div class="modal-overlay" id="file-manager-modal">…</div> intercepts pointer events[22m
    [2m     - retrying click action[22m
    [2m       - waiting 500ms[22m
    [2m    - waiting for element to be visible, enabled and stable[22m
    [2m    - element is visible, enabled and stable[22m
    [2m    - scrolling into view if needed[22m
    [2m    - done scrolling[22m


      4 |
      5 | async function drawRect(page: Page, x1: number, y1: number, x2: number, y2: number) {
    > 6 |   await page.click('[data-tool="rect"]');
        |              ^
      7 |   await page.mouse.move(x1, y1);
      8 |   await page.mouse.down();
      9 |   await page.mouse.move(x2, y2);
        at drawRect (C:\Users\toshi\python\StencilDesinger3\tests\e2e\basic.spec.ts:6:14)
        at C:\Users\toshi\python\StencilDesinger3\tests\e2e\basic.spec.ts:223:11

    Error Context: test-results\basic-5-Rectangle-tool-5-2-drawing-adds-one-shape-firefox\error-context.md


[1A[2K  86) [firefox] › tests\e2e\basic.spec.ts:228:3 › 5. Rectangle tool › 5-3 drawn shape has correct bounding box 

    [31mTest timeout of 30000ms exceeded.[39m

    Error: page.click: Test timeout of 30000ms exceeded.
    Call log:
    [2m  - waiting for locator('[data-tool="rect"]')[22m
    [2m    - locator resolved to <button class="tool-btn" data-tool="rect" title="Draw a rectangle (R)">…</button>[22m
    [2m  - attempting click action[22m
    [2m    2 × waiting for element to be visible, enabled and stable[22m
    [2m      - element is visible, enabled and stable[22m
    [2m      - scrolling into view if needed[22m
    [2m      - done scrolling[22m
    [2m      - <div class="modal-overlay" id="file-manager-modal">…</div> intercepts pointer events[22m
    [2m    - retrying click action[22m
    [2m    - waiting 20ms[22m
    [2m    2 × waiting for element to be visible, enabled and stable[22m
    [2m      - element is visible, enabled and stable[22m
    [2m      - scrolling into view if needed[22m
    [2m      - done scrolling[22m
    [2m      - <div class="modal-overlay" id="file-manager-modal">…</div> intercepts pointer events[22m
    [2m    - retrying click action[22m
    [2m      - waiting 100ms[22m
    [2m    48 × waiting for element to be visible, enabled and stable[22m
    [2m       - element is visible, enabled and stable[22m
    [2m       - scrolling into view if needed[22m
    [2m       - done scrolling[22m
    [2m       - <div class="modal-overlay" id="file-manager-modal">…</div> intercepts pointer events[22m
    [2m     - retrying click action[22m
    [2m       - waiting 500ms[22m


      4 |
      5 | async function drawRect(page: Page, x1: number, y1: number, x2: number, y2: number) {
    > 6 |   await page.click('[data-tool="rect"]');
        |              ^
      7 |   await page.mouse.move(x1, y1);
      8 |   await page.mouse.down();
      9 |   await page.mouse.move(x2, y2);
        at drawRect (C:\Users\toshi\python\StencilDesinger3\tests\e2e\basic.spec.ts:6:14)
        at C:\Users\toshi\python\StencilDesinger3\tests\e2e\basic.spec.ts:231:11

    Error Context: test-results\basic-5-Rectangle-tool-5-3-95ef0-pe-has-correct-bounding-box-firefox\error-context.md


[1A[2K[112/178] [firefox] › tests\e2e\basic.spec.ts:309:3 › 7. Circle tool › 7-2 drawing a circle adds one shape
[1A[2K[113/178] [firefox] › tests\e2e\basic.spec.ts:319:3 › 7. Circle tool › 7-3 circle shape has integer coordinates only
[1A[2K  87) [firefox] › tests\e2e\basic.spec.ts:251:3 › 5. Rectangle tool › 5-4 Shift constraint makes square 

    [31mTest timeout of 30000ms exceeded.[39m

    Error: page.click: Test timeout of 30000ms exceeded.
    Call log:
    [2m  - waiting for locator('[data-tool="rect"]')[22m
    [2m    - locator resolved to <button class="tool-btn" data-tool="rect" title="Draw a rectangle (R)">…</button>[22m
    [2m  - attempting click action[22m
    [2m    2 × waiting for element to be visible, enabled and stable[22m
    [2m      - element is visible, enabled and stable[22m
    [2m      - scrolling into view if needed[22m
    [2m      - done scrolling[22m
    [2m      - <div class="modal-overlay" id="file-manager-modal">…</div> intercepts pointer events[22m
    [2m    - retrying click action[22m
    [2m    - waiting 20ms[22m
    [2m    2 × waiting for element to be visible, enabled and stable[22m
    [2m      - element is visible, enabled and stable[22m
    [2m      - scrolling into view if needed[22m
    [2m      - done scrolling[22m
    [2m      - <div class="modal-overlay" id="file-manager-modal">…</div> intercepts pointer events[22m
    [2m    - retrying click action[22m
    [2m      - waiting 100ms[22m
    [2m    49 × waiting for element to be visible, enabled and stable[22m
    [2m       - element is visible, enabled and stable[22m
    [2m       - scrolling into view if needed[22m
    [2m       - done scrolling[22m
    [2m       - <div class="modal-overlay" id="file-manager-modal">…</div> intercepts pointer events[22m
    [2m     - retrying click action[22m
    [2m       - waiting 500ms[22m


      251 |   test('5-4 Shift constraint makes square', async ({ page }) => {
      252 |     const box = await canvasBox(page);
    > 253 |     await page.click('[data-tool="rect"]');
          |                ^
      254 |     await page.keyboard.down('Shift');
      255 |     await page.mouse.move(box.x + 100, box.y + 100);
      256 |     await page.mouse.down();
        at C:\Users\toshi\python\StencilDesinger3\tests\e2e\basic.spec.ts:253:16

    Error Context: test-results\basic-5-Rectangle-tool-5-4-Shift-constraint-makes-square-firefox\error-context.md


[1A[2K[114/178] [firefox] › tests\e2e\basic.spec.ts:336:3 › 7. Circle tool › 7-4 circle has no holes
[1A[2K  88) [firefox] › tests\e2e\basic.spec.ts:279:3 › 5. Rectangle tool › 5-5 undo removes shape ───────

    [31mTest timeout of 30000ms exceeded.[39m

    Error: page.click: Test timeout of 30000ms exceeded.
    Call log:
    [2m  - waiting for locator('[data-tool="rect"]')[22m
    [2m    - locator resolved to <button class="tool-btn" data-tool="rect" title="Draw a rectangle (R)">…</button>[22m
    [2m  - attempting click action[22m
    [2m    2 × waiting for element to be visible, enabled and stable[22m
    [2m      - element is visible, enabled and stable[22m
    [2m      - scrolling into view if needed[22m
    [2m      - done scrolling[22m
    [2m      - <div class="modal-overlay" id="file-manager-modal">…</div> intercepts pointer events[22m
    [2m    - retrying click action[22m
    [2m    - waiting 20ms[22m
    [2m    2 × waiting for element to be visible, enabled and stable[22m
    [2m      - element is visible, enabled and stable[22m
    [2m      - scrolling into view if needed[22m
    [2m      - done scrolling[22m
    [2m      - <div class="modal-overlay" id="file-manager-modal">…</div> intercepts pointer events[22m
    [2m    - retrying click action[22m
    [2m      - waiting 100ms[22m
    [2m    49 × waiting for element to be visible, enabled and stable[22m
    [2m       - element is visible, enabled and stable[22m
    [2m       - scrolling into view if needed[22m
    [2m       - done scrolling[22m
    [2m       - <div class="modal-overlay" id="file-manager-modal">…</div> intercepts pointer events[22m
    [2m     - retrying click action[22m
    [2m       - waiting 500ms[22m


      4 |
      5 | async function drawRect(page: Page, x1: number, y1: number, x2: number, y2: number) {
    > 6 |   await page.click('[data-tool="rect"]');
        |              ^
      7 |   await page.mouse.move(x1, y1);
      8 |   await page.mouse.down();
      9 |   await page.mouse.move(x2, y2);
        at drawRect (C:\Users\toshi\python\StencilDesinger3\tests\e2e\basic.spec.ts:6:14)
        at C:\Users\toshi\python\StencilDesinger3\tests\e2e\basic.spec.ts:281:11

    Error Context: test-results\basic-5-Rectangle-tool-5-5-undo-removes-shape-firefox\error-context.md


[1A[2K[115/178] [firefox] › tests\e2e\basic.spec.ts:362:3 › 8. Selection › 8-1 clicking shape selects it
[1A[2K  89) [firefox] › tests\e2e\basic.spec.ts:288:3 › 5. Rectangle tool › 5-6 undo enables redo ────────

    [31mTest timeout of 30000ms exceeded.[39m

    Error: page.click: Test timeout of 30000ms exceeded.
    Call log:
    [2m  - waiting for locator('[data-tool="rect"]')[22m
    [2m    - locator resolved to <button class="tool-btn" data-tool="rect" title="Draw a rectangle (R)">…</button>[22m
    [2m  - attempting click action[22m
    [2m    2 × waiting for element to be visible, enabled and stable[22m
    [2m      - element is visible, enabled and stable[22m
    [2m      - scrolling into view if needed[22m
    [2m      - done scrolling[22m
    [2m      - <div class="modal-overlay" id="file-manager-modal">…</div> intercepts pointer events[22m
    [2m    - retrying click action[22m
    [2m    - waiting 20ms[22m
    [2m    2 × waiting for element to be visible, enabled and stable[22m
    [2m      - element is visible, enabled and stable[22m
    [2m      - scrolling into view if needed[22m
    [2m      - done scrolling[22m
    [2m      - <div class="modal-overlay" id="file-manager-modal">…</div> intercepts pointer events[22m
    [2m    - retrying click action[22m
    [2m      - waiting 100ms[22m
    [2m    49 × waiting for element to be visible, enabled and stable[22m
    [2m       - element is visible, enabled and stable[22m
    [2m       - scrolling into view if needed[22m
    [2m       - done scrolling[22m
    [2m       - <div class="modal-overlay" id="file-manager-modal">…</div> intercepts pointer events[22m
    [2m     - retrying click action[22m
    [2m       - waiting 500ms[22m


      4 |
      5 | async function drawRect(page: Page, x1: number, y1: number, x2: number, y2: number) {
    > 6 |   await page.click('[data-tool="rect"]');
        |              ^
      7 |   await page.mouse.move(x1, y1);
      8 |   await page.mouse.down();
      9 |   await page.mouse.move(x2, y2);
        at drawRect (C:\Users\toshi\python\StencilDesinger3\tests\e2e\basic.spec.ts:6:14)
        at C:\Users\toshi\python\StencilDesinger3\tests\e2e\basic.spec.ts:290:11

    Error Context: test-results\basic-5-Rectangle-tool-5-6-undo-enables-redo-firefox\error-context.md


[1A[2K[116/178] [firefox] › tests\e2e\basic.spec.ts:368:3 › 8. Selection › 8-2 right panel shows selection info
[1A[2K  90) [firefox] › tests\e2e\basic.spec.ts:304:3 › 7. Circle tool › 7-1 Circle button highlights ────

    [31mTest timeout of 30000ms exceeded.[39m

    Error: page.click: Test timeout of 30000ms exceeded.
    Call log:
    [2m  - waiting for locator('[data-tool="circle"]')[22m
    [2m    - locator resolved to <button class="tool-btn" data-tool="circle" title="Draw a circle (C)">…</button>[22m
    [2m  - attempting click action[22m
    [2m    2 × waiting for element to be visible, enabled and stable[22m
    [2m      - element is visible, enabled and stable[22m
    [2m      - scrolling into view if needed[22m
    [2m      - done scrolling[22m
    [2m      - <div class="modal-overlay" id="file-manager-modal">…</div> intercepts pointer events[22m
    [2m    - retrying click action[22m
    [2m    - waiting 20ms[22m
    [2m    2 × waiting for element to be visible, enabled and stable[22m
    [2m      - element is visible, enabled and stable[22m
    [2m      - scrolling into view if needed[22m
    [2m      - done scrolling[22m
    [2m      - <div class="modal-overlay" id="file-manager-modal">…</div> intercepts pointer events[22m
    [2m    - retrying click action[22m
    [2m      - waiting 100ms[22m
    [2m    49 × waiting for element to be visible, enabled and stable[22m
    [2m       - element is visible, enabled and stable[22m
    [2m       - scrolling into view if needed[22m
    [2m       - done scrolling[22m
    [2m       - <div class="modal-overlay" id="file-manager-modal">…</div> intercepts pointer events[22m
    [2m     - retrying click action[22m
    [2m       - waiting 500ms[22m


      303 |
      304 |   test('7-1 Circle button highlights', async ({ page }) => {
    > 305 |     await page.click('[data-tool="circle"]');
          |                ^
      306 |     await expect(page.locator('[data-tool="circle"]')).toHaveClass(/active/);
      307 |   });
      308 |
        at C:\Users\toshi\python\StencilDesinger3\tests\e2e\basic.spec.ts:305:16

    Error Context: test-results\basic-7-Circle-tool-7-1-Circle-button-highlights-firefox\error-context.md


[1A[2K[117/178] [firefox] › tests\e2e\basic.spec.ts:374:3 › 8. Selection › 8-3 footer W/H update on selection
[1A[2K  91) [firefox] › tests\e2e\basic.spec.ts:309:3 › 7. Circle tool › 7-2 drawing a circle adds one shape 

    [31mTest timeout of 30000ms exceeded.[39m

    Error: page.click: Test timeout of 30000ms exceeded.
    Call log:
    [2m  - waiting for locator('[data-tool="circle"]')[22m
    [2m    - locator resolved to <button class="tool-btn" data-tool="circle" title="Draw a circle (C)">…</button>[22m
    [2m  - attempting click action[22m
    [2m    2 × waiting for element to be visible, enabled and stable[22m
    [2m      - element is visible, enabled and stable[22m
    [2m      - scrolling into view if needed[22m
    [2m      - done scrolling[22m
    [2m      - <div class="modal-overlay" id="file-manager-modal">…</div> intercepts pointer events[22m
    [2m    - retrying click action[22m
    [2m    - waiting 20ms[22m
    [2m    2 × waiting for element to be visible, enabled and stable[22m
    [2m      - element is visible, enabled and stable[22m
    [2m      - scrolling into view if needed[22m
    [2m      - done scrolling[22m
    [2m      - <div class="modal-overlay" id="file-manager-modal">…</div> intercepts pointer events[22m
    [2m    - retrying click action[22m
    [2m      - waiting 100ms[22m
    [2m    49 × waiting for element to be visible, enabled and stable[22m
    [2m       - element is visible, enabled and stable[22m
    [2m       - scrolling into view if needed[22m
    [2m       - done scrolling[22m
    [2m       - <div class="modal-overlay" id="file-manager-modal">…</div> intercepts pointer events[22m
    [2m     - retrying click action[22m
    [2m       - waiting 500ms[22m


      309 |   test('7-2 drawing a circle adds one shape', async ({ page }) => {
      310 |     const box = await canvasBox(page);
    > 311 |     await page.click('[data-tool="circle"]');
          |                ^
      312 |     await page.mouse.move(box.x + 300, box.y + 200);
      313 |     await page.mouse.down();
      314 |     await page.mouse.move(box.x + 400, box.y + 200);
        at C:\Users\toshi\python\StencilDesinger3\tests\e2e\basic.spec.ts:311:16

    Error Context: test-results\basic-7-Circle-tool-7-2-drawing-a-circle-adds-one-shape-firefox\error-context.md


[1A[2K  92) [firefox] › tests\e2e\basic.spec.ts:319:3 › 7. Circle tool › 7-3 circle shape has integer coordinates only 

    [31mTest timeout of 30000ms exceeded.[39m

    Error: page.click: Test timeout of 30000ms exceeded.
    Call log:
    [2m  - waiting for locator('[data-tool="circle"]')[22m
    [2m    - locator resolved to <button class="tool-btn" data-tool="circle" title="Draw a circle (C)">…</button>[22m
    [2m  - attempting click action[22m
    [2m    2 × waiting for element to be visible, enabled and stable[22m
    [2m      - element is visible, enabled and stable[22m
    [2m      - scrolling into view if needed[22m
    [2m      - done scrolling[22m
    [2m      - <div class="modal-overlay" id="file-manager-modal">…</div> intercepts pointer events[22m
    [2m    - retrying click action[22m
    [2m    - waiting 20ms[22m
    [2m    2 × waiting for element to be visible, enabled and stable[22m
    [2m      - element is visible, enabled and stable[22m
    [2m      - scrolling into view if needed[22m
    [2m      - done scrolling[22m
    [2m      - <div class="modal-overlay" id="file-manager-modal">…</div> intercepts pointer events[22m
    [2m    - retrying click action[22m
    [2m      - waiting 100ms[22m
    [2m    48 × waiting for element to be visible, enabled and stable[22m
    [2m       - element is visible, enabled and stable[22m
    [2m       - scrolling into view if needed[22m
    [2m       - done scrolling[22m
    [2m       - <div class="modal-overlay" id="file-manager-modal">…</div> intercepts pointer events[22m
    [2m     - retrying click action[22m
    [2m       - waiting 500ms[22m


      319 |   test('7-3 circle shape has integer coordinates only', async ({ page }) => {
      320 |     const box = await canvasBox(page);
    > 321 |     await page.click('[data-tool="circle"]');
          |                ^
      322 |     await page.mouse.move(box.x + 300, box.y + 200);
      323 |     await page.mouse.down();
      324 |     await page.mouse.move(box.x + 400, box.y + 200);
        at C:\Users\toshi\python\StencilDesinger3\tests\e2e\basic.spec.ts:321:16

    Error Context: test-results\basic-7-Circle-tool-7-3-ci-b9782-as-integer-coordinates-only-firefox\error-context.md


[1A[2K[118/178] [firefox] › tests\e2e\basic.spec.ts:382:3 › 8. Selection › 8-4 click empty area deselects
[1A[2K[119/178] [firefox] › tests\e2e\basic.spec.ts:390:3 › 8. Selection › 8-5 Shift+click adds to selection
[1A[2K  93) [firefox] › tests\e2e\basic.spec.ts:336:3 › 7. Circle tool › 7-4 circle has no holes ─────────

    [31mTest timeout of 30000ms exceeded.[39m

    Error: page.click: Test timeout of 30000ms exceeded.
    Call log:
    [2m  - waiting for locator('[data-tool="circle"]')[22m
    [2m    - locator resolved to <button class="tool-btn" data-tool="circle" title="Draw a circle (C)">…</button>[22m
    [2m  - attempting click action[22m
    [2m    2 × waiting for element to be visible, enabled and stable[22m
    [2m      - element is visible, enabled and stable[22m
    [2m      - scrolling into view if needed[22m
    [2m      - done scrolling[22m
    [2m      - <div class="modal-overlay" id="file-manager-modal">…</div> intercepts pointer events[22m
    [2m    - retrying click action[22m
    [2m    - waiting 20ms[22m
    [2m    2 × waiting for element to be visible, enabled and stable[22m
    [2m      - element is visible, enabled and stable[22m
    [2m      - scrolling into view if needed[22m
    [2m      - done scrolling[22m
    [2m      - <div class="modal-overlay" id="file-manager-modal">…</div> intercepts pointer events[22m
    [2m    - retrying click action[22m
    [2m      - waiting 100ms[22m
    [2m    49 × waiting for element to be visible, enabled and stable[22m
    [2m       - element is visible, enabled and stable[22m
    [2m       - scrolling into view if needed[22m
    [2m       - done scrolling[22m
    [2m       - <div class="modal-overlay" id="file-manager-modal">…</div> intercepts pointer events[22m
    [2m     - retrying click action[22m
    [2m       - waiting 500ms[22m
    [2m    - waiting for element to be visible, enabled and stable[22m


      336 |   test('7-4 circle has no holes', async ({ page }) => {
      337 |     const box = await canvasBox(page);
    > 338 |     await page.click('[data-tool="circle"]');
          |                ^
      339 |     await page.mouse.move(box.x + 300, box.y + 200);
      340 |     await page.mouse.down();
      341 |     await page.mouse.move(box.x + 450, box.y + 200);
        at C:\Users\toshi\python\StencilDesinger3\tests\e2e\basic.spec.ts:338:16

    Error Context: test-results\basic-7-Circle-tool-7-4-circle-has-no-holes-firefox\error-context.md


[1A[2K[120/178] [firefox] › tests\e2e\basic.spec.ts:414:3 › 9. Move (drag) › 9-1 dragging moves shape position
[1A[2K  94) [firefox] › tests\e2e\basic.spec.ts:362:3 › 8. Selection › 8-1 clicking shape selects it ─────

    [31mTest timeout of 30000ms exceeded while running "beforeEach" hook.[39m

      353 |
      354 | test.describe('8. Selection', () => {
    > 355 |   test.beforeEach(async ({ page }) => {
          |        ^
      356 |     await page.goto('/');
      357 |     await page.waitForLoadState('networkidle');
      358 |     const box = await canvasBox(page);
        at C:\Users\toshi\python\StencilDesinger3\tests\e2e\basic.spec.ts:355:8

    Error: page.click: Test timeout of 30000ms exceeded.
    Call log:
    [2m  - waiting for locator('[data-tool="rect"]')[22m
    [2m    - locator resolved to <button class="tool-btn" data-tool="rect" title="Draw a rectangle (R)">…</button>[22m
    [2m  - attempting click action[22m
    [2m    2 × waiting for element to be visible, enabled and stable[22m
    [2m      - element is visible, enabled and stable[22m
    [2m      - scrolling into view if needed[22m
    [2m      - done scrolling[22m
    [2m      - <div class="modal-overlay" id="file-manager-modal">…</div> intercepts pointer events[22m
    [2m    - retrying click action[22m
    [2m    - waiting 20ms[22m
    [2m    2 × waiting for element to be visible, enabled and stable[22m
    [2m      - element is visible, enabled and stable[22m
    [2m      - scrolling into view if needed[22m
    [2m      - done scrolling[22m
    [2m      - <div class="modal-overlay" id="file-manager-modal">…</div> intercepts pointer events[22m
    [2m    - retrying click action[22m
    [2m      - waiting 100ms[22m
    [2m    49 × waiting for element to be visible, enabled and stable[22m
    [2m       - element is visible, enabled and stable[22m
    [2m       - scrolling into view if needed[22m
    [2m       - done scrolling[22m
    [2m       - <div class="modal-overlay" id="file-manager-modal">…</div> intercepts pointer events[22m
    [2m     - retrying click action[22m
    [2m       - waiting 500ms[22m


      4 |
      5 | async function drawRect(page: Page, x1: number, y1: number, x2: number, y2: number) {
    > 6 |   await page.click('[data-tool="rect"]');
        |              ^
      7 |   await page.mouse.move(x1, y1);
      8 |   await page.mouse.down();
      9 |   await page.mouse.move(x2, y2);
        at drawRect (C:\Users\toshi\python\StencilDesinger3\tests\e2e\basic.spec.ts:6:14)
        at C:\Users\toshi\python\StencilDesinger3\tests\e2e\basic.spec.ts:359:11

    Error Context: test-results\basic-8-Selection-8-1-clicking-shape-selects-it-firefox\error-context.md


[1A[2K[121/178] [firefox] › tests\e2e\basic.spec.ts:436:3 › 9. Move (drag) › 9-2 undo restores original position
[1A[2K  95) [firefox] › tests\e2e\basic.spec.ts:368:3 › 8. Selection › 8-2 right panel shows selection info 

    [31mTest timeout of 30000ms exceeded while running "beforeEach" hook.[39m

      353 |
      354 | test.describe('8. Selection', () => {
    > 355 |   test.beforeEach(async ({ page }) => {
          |        ^
      356 |     await page.goto('/');
      357 |     await page.waitForLoadState('networkidle');
      358 |     const box = await canvasBox(page);
        at C:\Users\toshi\python\StencilDesinger3\tests\e2e\basic.spec.ts:355:8

    Error: page.click: Test timeout of 30000ms exceeded.
    Call log:
    [2m  - waiting for locator('[data-tool="rect"]')[22m
    [2m    - locator resolved to <button class="tool-btn" data-tool="rect" title="Draw a rectangle (R)">…</button>[22m
    [2m  - attempting click action[22m
    [2m    2 × waiting for element to be visible, enabled and stable[22m
    [2m      - element is visible, enabled and stable[22m
    [2m      - scrolling into view if needed[22m
    [2m      - done scrolling[22m
    [2m      - <div class="modal-overlay" id="file-manager-modal">…</div> intercepts pointer events[22m
    [2m    - retrying click action[22m
    [2m    - waiting 20ms[22m
    [2m    2 × waiting for element to be visible, enabled and stable[22m
    [2m      - element is visible, enabled and stable[22m
    [2m      - scrolling into view if needed[22m
    [2m      - done scrolling[22m
    [2m      - <div class="modal-overlay" id="file-manager-modal">…</div> intercepts pointer events[22m
    [2m    - retrying click action[22m
    [2m      - waiting 100ms[22m
    [2m    50 × waiting for element to be visible, enabled and stable[22m
    [2m       - element is visible, enabled and stable[22m
    [2m       - scrolling into view if needed[22m
    [2m       - done scrolling[22m
    [2m       - <div class="modal-overlay" id="file-manager-modal">…</div> intercepts pointer events[22m
    [2m     - retrying click action[22m
    [2m       - waiting 500ms[22m


      4 |
      5 | async function drawRect(page: Page, x1: number, y1: number, x2: number, y2: number) {
    > 6 |   await page.click('[data-tool="rect"]');
        |              ^
      7 |   await page.mouse.move(x1, y1);
      8 |   await page.mouse.down();
      9 |   await page.mouse.move(x2, y2);
        at drawRect (C:\Users\toshi\python\StencilDesinger3\tests\e2e\basic.spec.ts:6:14)
        at C:\Users\toshi\python\StencilDesinger3\tests\e2e\basic.spec.ts:359:11

    Error Context: test-results\basic-8-Selection-8-2-right-panel-shows-selection-info-firefox\error-context.md


[1A[2K[122/178] [firefox] › tests\e2e\basic.spec.ts:476:3 › 10. Delete › 10-1 Delete button removes selected shape
[1A[2K  96) [firefox] › tests\e2e\basic.spec.ts:374:3 › 8. Selection › 8-3 footer W/H update on selection 

    [31mTest timeout of 30000ms exceeded while running "beforeEach" hook.[39m

      353 |
      354 | test.describe('8. Selection', () => {
    > 355 |   test.beforeEach(async ({ page }) => {
          |        ^
      356 |     await page.goto('/');
      357 |     await page.waitForLoadState('networkidle');
      358 |     const box = await canvasBox(page);
        at C:\Users\toshi\python\StencilDesinger3\tests\e2e\basic.spec.ts:355:8

    Error: page.click: Test timeout of 30000ms exceeded.
    Call log:
    [2m  - waiting for locator('[data-tool="rect"]')[22m
    [2m    - locator resolved to <button class="tool-btn" data-tool="rect" title="Draw a rectangle (R)">…</button>[22m
    [2m  - attempting click action[22m
    [2m    2 × waiting for element to be visible, enabled and stable[22m
    [2m      - element is visible, enabled and stable[22m
    [2m      - scrolling into view if needed[22m
    [2m      - done scrolling[22m
    [2m      - <div class="modal-overlay" id="file-manager-modal">…</div> intercepts pointer events[22m
    [2m    - retrying click action[22m
    [2m    - waiting 20ms[22m
    [2m    2 × waiting for element to be visible, enabled and stable[22m
    [2m      - element is visible, enabled and stable[22m
    [2m      - scrolling into view if needed[22m
    [2m      - done scrolling[22m
    [2m      - <div class="modal-overlay" id="file-manager-modal">…</div> intercepts pointer events[22m
    [2m    - retrying click action[22m
    [2m      - waiting 100ms[22m
    [2m    50 × waiting for element to be visible, enabled and stable[22m
    [2m       - element is visible, enabled and stable[22m
    [2m       - scrolling into view if needed[22m
    [2m       - done scrolling[22m
    [2m       - <div class="modal-overlay" id="file-manager-modal">…</div> intercepts pointer events[22m
    [2m     - retrying click action[22m
    [2m       - waiting 500ms[22m


      4 |
      5 | async function drawRect(page: Page, x1: number, y1: number, x2: number, y2: number) {
    > 6 |   await page.click('[data-tool="rect"]');
        |              ^
      7 |   await page.mouse.move(x1, y1);
      8 |   await page.mouse.down();
      9 |   await page.mouse.move(x2, y2);
        at drawRect (C:\Users\toshi\python\StencilDesinger3\tests\e2e\basic.spec.ts:6:14)
        at C:\Users\toshi\python\StencilDesinger3\tests\e2e\basic.spec.ts:359:11

    Error Context: test-results\basic-8-Selection-8-3-footer-W-H-update-on-selection-firefox\error-context.md


[1A[2K[123/178] [firefox] › tests\e2e\basic.spec.ts:483:3 › 10. Delete › 10-2 Delete key removes selected shape
[1A[2K  97) [firefox] › tests\e2e\basic.spec.ts:382:3 › 8. Selection › 8-4 click empty area deselects ────

    [31mTest timeout of 30000ms exceeded while running "beforeEach" hook.[39m

      353 |
      354 | test.describe('8. Selection', () => {
    > 355 |   test.beforeEach(async ({ page }) => {
          |        ^
      356 |     await page.goto('/');
      357 |     await page.waitForLoadState('networkidle');
      358 |     const box = await canvasBox(page);
        at C:\Users\toshi\python\StencilDesinger3\tests\e2e\basic.spec.ts:355:8

    Error: page.click: Test timeout of 30000ms exceeded.
    Call log:
    [2m  - waiting for locator('[data-tool="rect"]')[22m
    [2m    - locator resolved to <button class="tool-btn" data-tool="rect" title="Draw a rectangle (R)">…</button>[22m
    [2m  - attempting click action[22m
    [2m    2 × waiting for element to be visible, enabled and stable[22m
    [2m      - element is visible, enabled and stable[22m
    [2m      - scrolling into view if needed[22m
    [2m      - done scrolling[22m
    [2m      - <div class="modal-overlay" id="file-manager-modal">…</div> intercepts pointer events[22m
    [2m    - retrying click action[22m
    [2m    - waiting 20ms[22m
    [2m    2 × waiting for element to be visible, enabled and stable[22m
    [2m      - element is visible, enabled and stable[22m
    [2m      - scrolling into view if needed[22m
    [2m      - done scrolling[22m
    [2m      - <div class="modal-overlay" id="file-manager-modal">…</div> intercepts pointer events[22m
    [2m    - retrying click action[22m
    [2m      - waiting 100ms[22m
    [2m    49 × waiting for element to be visible, enabled and stable[22m
    [2m       - element is visible, enabled and stable[22m
    [2m       - scrolling into view if needed[22m
    [2m       - done scrolling[22m
    [2m       - <div class="modal-overlay" id="file-manager-modal">…</div> intercepts pointer events[22m
    [2m     - retrying click action[22m
    [2m       - waiting 500ms[22m


      4 |
      5 | async function drawRect(page: Page, x1: number, y1: number, x2: number, y2: number) {
    > 6 |   await page.click('[data-tool="rect"]');
        |              ^
      7 |   await page.mouse.move(x1, y1);
      8 |   await page.mouse.down();
      9 |   await page.mouse.move(x2, y2);
        at drawRect (C:\Users\toshi\python\StencilDesinger3\tests\e2e\basic.spec.ts:6:14)
        at C:\Users\toshi\python\StencilDesinger3\tests\e2e\basic.spec.ts:359:11

    Error Context: test-results\basic-8-Selection-8-4-click-empty-area-deselects-firefox\error-context.md


[1A[2K[124/178] [firefox] › tests\e2e\basic.spec.ts:491:3 › 10. Delete › 10-3 undo restores deleted shape
[1A[2K  98) [firefox] › tests\e2e\basic.spec.ts:390:3 › 8. Selection › 8-5 Shift+click adds to selection ─

    [31mTest timeout of 30000ms exceeded while running "beforeEach" hook.[39m

      353 |
      354 | test.describe('8. Selection', () => {
    > 355 |   test.beforeEach(async ({ page }) => {
          |        ^
      356 |     await page.goto('/');
      357 |     await page.waitForLoadState('networkidle');
      358 |     const box = await canvasBox(page);
        at C:\Users\toshi\python\StencilDesinger3\tests\e2e\basic.spec.ts:355:8

    Error: page.click: Test timeout of 30000ms exceeded.
    Call log:
    [2m  - waiting for locator('[data-tool="rect"]')[22m
    [2m    - locator resolved to <button class="tool-btn" data-tool="rect" title="Draw a rectangle (R)">…</button>[22m
    [2m  - attempting click action[22m
    [2m    2 × waiting for element to be visible, enabled and stable[22m
    [2m      - element is visible, enabled and stable[22m
    [2m      - scrolling into view if needed[22m
    [2m      - done scrolling[22m
    [2m      - <div class="modal-overlay" id="file-manager-modal">…</div> intercepts pointer events[22m
    [2m    - retrying click action[22m
    [2m    - waiting 20ms[22m
    [2m    2 × waiting for element to be visible, enabled and stable[22m
    [2m      - element is visible, enabled and stable[22m
    [2m      - scrolling into view if needed[22m
    [2m      - done scrolling[22m
    [2m      - <div class="modal-overlay" id="file-manager-modal">…</div> intercepts pointer events[22m
    [2m    - retrying click action[22m
    [2m      - waiting 100ms[22m
    [2m    48 × waiting for element to be visible, enabled and stable[22m
    [2m       - element is visible, enabled and stable[22m
    [2m       - scrolling into view if needed[22m
    [2m       - done scrolling[22m
    [2m       - <div class="modal-overlay" id="file-manager-modal">…</div> intercepts pointer events[22m
    [2m     - retrying click action[22m
    [2m       - waiting 500ms[22m


      4 |
      5 | async function drawRect(page: Page, x1: number, y1: number, x2: number, y2: number) {
    > 6 |   await page.click('[data-tool="rect"]');
        |              ^
      7 |   await page.mouse.move(x1, y1);
      8 |   await page.mouse.down();
      9 |   await page.mouse.move(x2, y2);
        at drawRect (C:\Users\toshi\python\StencilDesinger3\tests\e2e\basic.spec.ts:6:14)
        at C:\Users\toshi\python\StencilDesinger3\tests\e2e\basic.spec.ts:359:11

    Error Context: test-results\basic-8-Selection-8-5-Shift-click-adds-to-selection-firefox\error-context.md


[1A[2K[125/178] [firefox] › tests\e2e\basic.spec.ts:512:3 › 11. Copy › 11-1 Copy adds one more shape
[1A[2K  99) [firefox] › tests\e2e\basic.spec.ts:414:3 › 9. Move (drag) › 9-1 dragging moves shape position 

    [31mTest timeout of 30000ms exceeded while running "beforeEach" hook.[39m

      405 |
      406 | test.describe('9. Move (drag)', () => {
    > 407 |   test.beforeEach(async ({ page }) => {
          |        ^
      408 |     await page.goto('/');
      409 |     await page.waitForLoadState('networkidle');
      410 |     const box = await canvasBox(page);
        at C:\Users\toshi\python\StencilDesinger3\tests\e2e\basic.spec.ts:407:8

    Error: page.click: Test timeout of 30000ms exceeded.
    Call log:
    [2m  - waiting for locator('[data-tool="rect"]')[22m
    [2m    - locator resolved to <button class="tool-btn" data-tool="rect" title="Draw a rectangle (R)">…</button>[22m
    [2m  - attempting click action[22m
    [2m    2 × waiting for element to be visible, enabled and stable[22m
    [2m      - element is visible, enabled and stable[22m
    [2m      - scrolling into view if needed[22m
    [2m      - done scrolling[22m
    [2m      - <div class="modal-overlay" id="file-manager-modal">…</div> intercepts pointer events[22m
    [2m    - retrying click action[22m
    [2m    - waiting 20ms[22m
    [2m    2 × waiting for element to be visible, enabled and stable[22m
    [2m      - element is visible, enabled and stable[22m
    [2m      - scrolling into view if needed[22m
    [2m      - done scrolling[22m
    [2m      - <div class="modal-overlay" id="file-manager-modal">…</div> intercepts pointer events[22m
    [2m    - retrying click action[22m
    [2m      - waiting 100ms[22m
    [2m    51 × waiting for element to be visible, enabled and stable[22m
    [2m       - element is visible, enabled and stable[22m
    [2m       - scrolling into view if needed[22m
    [2m       - done scrolling[22m
    [2m       - <div class="modal-overlay" id="file-manager-modal">…</div> intercepts pointer events[22m
    [2m     - retrying click action[22m
    [2m       - waiting 500ms[22m


      4 |
      5 | async function drawRect(page: Page, x1: number, y1: number, x2: number, y2: number) {
    > 6 |   await page.click('[data-tool="rect"]');
        |              ^
      7 |   await page.mouse.move(x1, y1);
      8 |   await page.mouse.down();
      9 |   await page.mouse.move(x2, y2);
        at drawRect (C:\Users\toshi\python\StencilDesinger3\tests\e2e\basic.spec.ts:6:14)
        at C:\Users\toshi\python\StencilDesinger3\tests\e2e\basic.spec.ts:411:11

    Error Context: test-results\basic-9-Move-drag-9-1-dragging-moves-shape-position-firefox\error-context.md


[1A[2K[126/178] [firefox] › tests\e2e\basic.spec.ts:523:3 › 11. Copy › 11-2 undo removes copy
[1A[2K  100) [firefox] › tests\e2e\basic.spec.ts:436:3 › 9. Move (drag) › 9-2 undo restores original position 

    [31mTest timeout of 30000ms exceeded while running "beforeEach" hook.[39m

      405 |
      406 | test.describe('9. Move (drag)', () => {
    > 407 |   test.beforeEach(async ({ page }) => {
          |        ^
      408 |     await page.goto('/');
      409 |     await page.waitForLoadState('networkidle');
      410 |     const box = await canvasBox(page);
        at C:\Users\toshi\python\StencilDesinger3\tests\e2e\basic.spec.ts:407:8

    Error: page.click: Test timeout of 30000ms exceeded.
    Call log:
    [2m  - waiting for locator('[data-tool="rect"]')[22m
    [2m    - locator resolved to <button class="tool-btn" data-tool="rect" title="Draw a rectangle (R)">…</button>[22m
    [2m  - attempting click action[22m
    [2m    2 × waiting for element to be visible, enabled and stable[22m
    [2m      - element is visible, enabled and stable[22m
    [2m      - scrolling into view if needed[22m
    [2m      - done scrolling[22m
    [2m      - <div class="modal-overlay" id="file-manager-modal">…</div> intercepts pointer events[22m
    [2m    - retrying click action[22m
    [2m    - waiting 20ms[22m
    [2m    2 × waiting for element to be visible, enabled and stable[22m
    [2m      - element is visible, enabled and stable[22m
    [2m      - scrolling into view if needed[22m
    [2m      - done scrolling[22m
    [2m      - <div class="modal-overlay" id="file-manager-modal">…</div> intercepts pointer events[22m
    [2m    - retrying click action[22m
    [2m      - waiting 100ms[22m
    [2m    49 × waiting for element to be visible, enabled and stable[22m
    [2m       - element is visible, enabled and stable[22m
    [2m       - scrolling into view if needed[22m
    [2m       - done scrolling[22m
    [2m       - <div class="modal-overlay" id="file-manager-modal">…</div> intercepts pointer events[22m
    [2m     - retrying click action[22m
    [2m       - waiting 500ms[22m


      4 |
      5 | async function drawRect(page: Page, x1: number, y1: number, x2: number, y2: number) {
    > 6 |   await page.click('[data-tool="rect"]');
        |              ^
      7 |   await page.mouse.move(x1, y1);
      8 |   await page.mouse.down();
      9 |   await page.mouse.move(x2, y2);
        at drawRect (C:\Users\toshi\python\StencilDesinger3\tests\e2e\basic.spec.ts:6:14)
        at C:\Users\toshi\python\StencilDesinger3\tests\e2e\basic.spec.ts:411:11

    Error Context: test-results\basic-9-Move-drag-9-2-undo-restores-original-position-firefox\error-context.md


[1A[2K[127/178] [firefox] › tests\e2e\basic.spec.ts:547:3 › 12. Array copy › 12-1 3×3 array creates 9 shapes total
[1A[2K  101) [firefox] › tests\e2e\basic.spec.ts:476:3 › 10. Delete › 10-1 Delete button removes selected shape 

    [31mTest timeout of 30000ms exceeded while running "beforeEach" hook.[39m

      467 |
      468 | test.describe('10. Delete', () => {
    > 469 |   test.beforeEach(async ({ page }) => {
          |        ^
      470 |     await page.goto('/');
      471 |     await page.waitForLoadState('networkidle');
      472 |     const box = await canvasBox(page);
        at C:\Users\toshi\python\StencilDesinger3\tests\e2e\basic.spec.ts:469:8

    Error: page.click: Test timeout of 30000ms exceeded.
    Call log:
    [2m  - waiting for locator('[data-tool="rect"]')[22m
    [2m    - locator resolved to <button class="tool-btn" data-tool="rect" title="Draw a rectangle (R)">…</button>[22m
    [2m  - attempting click action[22m
    [2m    2 × waiting for element to be visible, enabled and stable[22m
    [2m      - element is visible, enabled and stable[22m
    [2m      - scrolling into view if needed[22m
    [2m      - done scrolling[22m
    [2m      - <div class="modal-overlay" id="file-manager-modal">…</div> intercepts pointer events[22m
    [2m    - retrying click action[22m
    [2m    - waiting 20ms[22m
    [2m    2 × waiting for element to be visible, enabled and stable[22m
    [2m      - element is visible, enabled and stable[22m
    [2m      - scrolling into view if needed[22m
    [2m      - done scrolling[22m
    [2m      - <div class="modal-overlay" id="file-manager-modal">…</div> intercepts pointer events[22m
    [2m    - retrying click action[22m
    [2m      - waiting 100ms[22m
    [2m    49 × waiting for element to be visible, enabled and stable[22m
    [2m       - element is visible, enabled and stable[22m
    [2m       - scrolling into view if needed[22m
    [2m       - done scrolling[22m
    [2m       - <div class="modal-overlay" id="file-manager-modal">…</div> intercepts pointer events[22m
    [2m     - retrying click action[22m
    [2m       - waiting 500ms[22m
    [2m    - waiting for element to be visible, enabled and stable[22m


      4 |
      5 | async function drawRect(page: Page, x1: number, y1: number, x2: number, y2: number) {
    > 6 |   await page.click('[data-tool="rect"]');
        |              ^
      7 |   await page.mouse.move(x1, y1);
      8 |   await page.mouse.down();
      9 |   await page.mouse.move(x2, y2);
        at drawRect (C:\Users\toshi\python\StencilDesinger3\tests\e2e\basic.spec.ts:6:14)
        at C:\Users\toshi\python\StencilDesinger3\tests\e2e\basic.spec.ts:473:11

    Error Context: test-results\basic-10-Delete-10-1-Delete-button-removes-selected-shape-firefox\error-context.md


[1A[2K[128/178] [firefox] › tests\e2e\basic.spec.ts:560:3 › 12. Array copy › 12-2 2×1 array creates 2 shapes
[1A[2K  102) [firefox] › tests\e2e\basic.spec.ts:483:3 › 10. Delete › 10-2 Delete key removes selected shape 

    [31mTest timeout of 30000ms exceeded while running "beforeEach" hook.[39m

      467 |
      468 | test.describe('10. Delete', () => {
    > 469 |   test.beforeEach(async ({ page }) => {
          |        ^
      470 |     await page.goto('/');
      471 |     await page.waitForLoadState('networkidle');
      472 |     const box = await canvasBox(page);
        at C:\Users\toshi\python\StencilDesinger3\tests\e2e\basic.spec.ts:469:8

    Error: page.click: Test timeout of 30000ms exceeded.
    Call log:
    [2m  - waiting for locator('[data-tool="rect"]')[22m
    [2m    - locator resolved to <button class="tool-btn" data-tool="rect" title="Draw a rectangle (R)">…</button>[22m
    [2m  - attempting click action[22m
    [2m    2 × waiting for element to be visible, enabled and stable[22m
    [2m      - element is visible, enabled and stable[22m
    [2m      - scrolling into view if needed[22m
    [2m      - done scrolling[22m
    [2m      - <div class="modal-overlay" id="file-manager-modal">…</div> intercepts pointer events[22m
    [2m    - retrying click action[22m
    [2m    - waiting 20ms[22m
    [2m    2 × waiting for element to be visible, enabled and stable[22m
    [2m      - element is visible, enabled and stable[22m
    [2m      - scrolling into view if needed[22m
    [2m      - done scrolling[22m
    [2m      - <div class="modal-overlay" id="file-manager-modal">…</div> intercepts pointer events[22m
    [2m    - retrying click action[22m
    [2m      - waiting 100ms[22m
    [2m    51 × waiting for element to be visible, enabled and stable[22m
    [2m       - element is visible, enabled and stable[22m
    [2m       - scrolling into view if needed[22m
    [2m       - done scrolling[22m
    [2m       - <div class="modal-overlay" id="file-manager-modal">…</div> intercepts pointer events[22m
    [2m     - retrying click action[22m
    [2m       - waiting 500ms[22m


      4 |
      5 | async function drawRect(page: Page, x1: number, y1: number, x2: number, y2: number) {
    > 6 |   await page.click('[data-tool="rect"]');
        |              ^
      7 |   await page.mouse.move(x1, y1);
      8 |   await page.mouse.down();
      9 |   await page.mouse.move(x2, y2);
        at drawRect (C:\Users\toshi\python\StencilDesinger3\tests\e2e\basic.spec.ts:6:14)
        at C:\Users\toshi\python\StencilDesinger3\tests\e2e\basic.spec.ts:473:11

    Error Context: test-results\basic-10-Delete-10-2-Delete-key-removes-selected-shape-firefox\error-context.md


[1A[2K[129/178] [firefox] › tests\e2e\basic.spec.ts:573:3 › 12. Array copy › 12-3 undo removes array copies
[1A[2K  103) [firefox] › tests\e2e\basic.spec.ts:491:3 › 10. Delete › 10-3 undo restores deleted shape ───

    [31mTest timeout of 30000ms exceeded while running "beforeEach" hook.[39m

      467 |
      468 | test.describe('10. Delete', () => {
    > 469 |   test.beforeEach(async ({ page }) => {
          |        ^
      470 |     await page.goto('/');
      471 |     await page.waitForLoadState('networkidle');
      472 |     const box = await canvasBox(page);
        at C:\Users\toshi\python\StencilDesinger3\tests\e2e\basic.spec.ts:469:8

    Error: page.click: Test timeout of 30000ms exceeded.
    Call log:
    [2m  - waiting for locator('[data-tool="rect"]')[22m
    [2m    - locator resolved to <button class="tool-btn" data-tool="rect" title="Draw a rectangle (R)">…</button>[22m
    [2m  - attempting click action[22m
    [2m    2 × waiting for element to be visible, enabled and stable[22m
    [2m      - element is visible, enabled and stable[22m
    [2m      - scrolling into view if needed[22m
    [2m      - done scrolling[22m
    [2m      - <div class="modal-overlay" id="file-manager-modal">…</div> intercepts pointer events[22m
    [2m    - retrying click action[22m
    [2m    - waiting 20ms[22m
    [2m    2 × waiting for element to be visible, enabled and stable[22m
    [2m      - element is visible, enabled and stable[22m
    [2m      - scrolling into view if needed[22m
    [2m      - done scrolling[22m
    [2m      - <div class="modal-overlay" id="file-manager-modal">…</div> intercepts pointer events[22m
    [2m    - retrying click action[22m
    [2m      - waiting 100ms[22m
    [2m    50 × waiting for element to be visible, enabled and stable[22m
    [2m       - element is visible, enabled and stable[22m
    [2m       - scrolling into view if needed[22m
    [2m       - done scrolling[22m
    [2m       - <div class="modal-overlay" id="file-manager-modal">…</div> intercepts pointer events[22m
    [2m     - retrying click action[22m
    [2m       - waiting 500ms[22m


      4 |
      5 | async function drawRect(page: Page, x1: number, y1: number, x2: number, y2: number) {
    > 6 |   await page.click('[data-tool="rect"]');
        |              ^
      7 |   await page.mouse.move(x1, y1);
      8 |   await page.mouse.down();
      9 |   await page.mouse.move(x2, y2);
        at drawRect (C:\Users\toshi\python\StencilDesinger3\tests\e2e\basic.spec.ts:6:14)
        at C:\Users\toshi\python\StencilDesinger3\tests\e2e\basic.spec.ts:473:11

    Error Context: test-results\basic-10-Delete-10-3-undo-restores-deleted-shape-firefox\error-context.md


[1A[2K[130/178] [firefox] › tests\e2e\basic.spec.ts:601:3 › 13. Boolean Union › 13-1 union of two overlapping rects gives 1 shape
[1A[2K  104) [firefox] › tests\e2e\basic.spec.ts:512:3 › 11. Copy › 11-1 Copy adds one more shape ────────

    [31mTest timeout of 30000ms exceeded while running "beforeEach" hook.[39m

      503 |
      504 | test.describe('11. Copy', () => {
    > 505 |   test.beforeEach(async ({ page }) => {
          |        ^
      506 |     await page.goto('/');
      507 |     await page.waitForLoadState('networkidle');
      508 |     const box = await canvasBox(page);
        at C:\Users\toshi\python\StencilDesinger3\tests\e2e\basic.spec.ts:505:8

    Error: page.click: Test timeout of 30000ms exceeded.
    Call log:
    [2m  - waiting for locator('[data-tool="rect"]')[22m
    [2m    - locator resolved to <button class="tool-btn" data-tool="rect" title="Draw a rectangle (R)">…</button>[22m
    [2m  - attempting click action[22m
    [2m    2 × waiting for element to be visible, enabled and stable[22m
    [2m      - element is visible, enabled and stable[22m
    [2m      - scrolling into view if needed[22m
    [2m      - done scrolling[22m
    [2m      - <div class="modal-overlay" id="file-manager-modal">…</div> intercepts pointer events[22m
    [2m    - retrying click action[22m
    [2m    - waiting 20ms[22m
    [2m    2 × waiting for element to be visible, enabled and stable[22m
    [2m      - element is visible, enabled and stable[22m
    [2m      - scrolling into view if needed[22m
    [2m      - done scrolling[22m
    [2m      - <div class="modal-overlay" id="file-manager-modal">…</div> intercepts pointer events[22m
    [2m    - retrying click action[22m
    [2m      - waiting 100ms[22m
    [2m    49 × waiting for element to be visible, enabled and stable[22m
    [2m       - element is visible, enabled and stable[22m
    [2m       - scrolling into view if needed[22m
    [2m       - done scrolling[22m
    [2m       - <div class="modal-overlay" id="file-manager-modal">…</div> intercepts pointer events[22m
    [2m     - retrying click action[22m
    [2m       - waiting 500ms[22m


      4 |
      5 | async function drawRect(page: Page, x1: number, y1: number, x2: number, y2: number) {
    > 6 |   await page.click('[data-tool="rect"]');
        |              ^
      7 |   await page.mouse.move(x1, y1);
      8 |   await page.mouse.down();
      9 |   await page.mouse.move(x2, y2);
        at drawRect (C:\Users\toshi\python\StencilDesinger3\tests\e2e\basic.spec.ts:6:14)
        at C:\Users\toshi\python\StencilDesinger3\tests\e2e\basic.spec.ts:509:11

    Error Context: test-results\basic-11-Copy-11-1-Copy-adds-one-more-shape-firefox\error-context.md


[1A[2K[131/178] [firefox] › tests\e2e\basic.spec.ts:612:3 › 13. Boolean Union › 13-2 result has integer coordinates only
[1A[2K  105) [firefox] › tests\e2e\basic.spec.ts:523:3 › 11. Copy › 11-2 undo removes copy ───────────────

    [31mTest timeout of 30000ms exceeded while running "beforeEach" hook.[39m

      503 |
      504 | test.describe('11. Copy', () => {
    > 505 |   test.beforeEach(async ({ page }) => {
          |        ^
      506 |     await page.goto('/');
      507 |     await page.waitForLoadState('networkidle');
      508 |     const box = await canvasBox(page);
        at C:\Users\toshi\python\StencilDesinger3\tests\e2e\basic.spec.ts:505:8

    Error: page.click: Test timeout of 30000ms exceeded.
    Call log:
    [2m  - waiting for locator('[data-tool="rect"]')[22m
    [2m    - locator resolved to <button class="tool-btn" data-tool="rect" title="Draw a rectangle (R)">…</button>[22m
    [2m  - attempting click action[22m
    [2m    2 × waiting for element to be visible, enabled and stable[22m
    [2m      - element is visible, enabled and stable[22m
    [2m      - scrolling into view if needed[22m
    [2m      - done scrolling[22m
    [2m      - <div class="modal-overlay" id="file-manager-modal">…</div> intercepts pointer events[22m
    [2m    - retrying click action[22m
    [2m    - waiting 20ms[22m
    [2m    2 × waiting for element to be visible, enabled and stable[22m
    [2m      - element is visible, enabled and stable[22m
    [2m      - scrolling into view if needed[22m
    [2m      - done scrolling[22m
    [2m      - <div class="modal-overlay" id="file-manager-modal">…</div> intercepts pointer events[22m
    [2m    - retrying click action[22m
    [2m      - waiting 100ms[22m
    [2m    51 × waiting for element to be visible, enabled and stable[22m
    [2m       - element is visible, enabled and stable[22m
    [2m       - scrolling into view if needed[22m
    [2m       - done scrolling[22m
    [2m       - <div class="modal-overlay" id="file-manager-modal">…</div> intercepts pointer events[22m
    [2m     - retrying click action[22m
    [2m       - waiting 500ms[22m


      4 |
      5 | async function drawRect(page: Page, x1: number, y1: number, x2: number, y2: number) {
    > 6 |   await page.click('[data-tool="rect"]');
        |              ^
      7 |   await page.mouse.move(x1, y1);
      8 |   await page.mouse.down();
      9 |   await page.mouse.move(x2, y2);
        at drawRect (C:\Users\toshi\python\StencilDesinger3\tests\e2e\basic.spec.ts:6:14)
        at C:\Users\toshi\python\StencilDesinger3\tests\e2e\basic.spec.ts:509:11

    Error Context: test-results\basic-11-Copy-11-2-undo-removes-copy-firefox\error-context.md


[1A[2K[132/178] [firefox] › tests\e2e\basic.spec.ts:627:3 › 13. Boolean Union › 13-3 undo restores two shapes
[1A[2K  106) [firefox] › tests\e2e\basic.spec.ts:547:3 › 12. Array copy › 12-1 3×3 array creates 9 shapes total 

    [31mTest timeout of 30000ms exceeded while running "beforeEach" hook.[39m

      538 |
      539 | test.describe('12. Array copy', () => {
    > 540 |   test.beforeEach(async ({ page }) => {
          |        ^
      541 |     await page.goto('/');
      542 |     await page.waitForLoadState('networkidle');
      543 |     const box = await canvasBox(page);
        at C:\Users\toshi\python\StencilDesinger3\tests\e2e\basic.spec.ts:540:8

    Error: page.click: Test timeout of 30000ms exceeded.
    Call log:
    [2m  - waiting for locator('[data-tool="rect"]')[22m
    [2m    - locator resolved to <button class="tool-btn" data-tool="rect" title="Draw a rectangle (R)">…</button>[22m
    [2m  - attempting click action[22m
    [2m    2 × waiting for element to be visible, enabled and stable[22m
    [2m      - element is visible, enabled and stable[22m
    [2m      - scrolling into view if needed[22m
    [2m      - done scrolling[22m
    [2m      - <div class="modal-overlay" id="file-manager-modal">…</div> intercepts pointer events[22m
    [2m    - retrying click action[22m
    [2m    - waiting 20ms[22m
    [2m    2 × waiting for element to be visible, enabled and stable[22m
    [2m      - element is visible, enabled and stable[22m
    [2m      - scrolling into view if needed[22m
    [2m      - done scrolling[22m
    [2m      - <div class="modal-overlay" id="file-manager-modal">…</div> intercepts pointer events[22m
    [2m    - retrying click action[22m
    [2m      - waiting 100ms[22m
    [2m    49 × waiting for element to be visible, enabled and stable[22m
    [2m       - element is visible, enabled and stable[22m
    [2m       - scrolling into view if needed[22m
    [2m       - done scrolling[22m
    [2m       - <div class="modal-overlay" id="file-manager-modal">…</div> intercepts pointer events[22m
    [2m     - retrying click action[22m
    [2m       - waiting 500ms[22m
    [2m    - waiting for element to be visible, enabled and stable[22m


      4 |
      5 | async function drawRect(page: Page, x1: number, y1: number, x2: number, y2: number) {
    > 6 |   await page.click('[data-tool="rect"]');
        |              ^
      7 |   await page.mouse.move(x1, y1);
      8 |   await page.mouse.down();
      9 |   await page.mouse.move(x2, y2);
        at drawRect (C:\Users\toshi\python\StencilDesinger3\tests\e2e\basic.spec.ts:6:14)
        at C:\Users\toshi\python\StencilDesinger3\tests\e2e\basic.spec.ts:544:11

    Error Context: test-results\basic-12-Array-copy-12-1-3×3-array-creates-9-shapes-total-firefox\error-context.md


[1A[2K[133/178] [firefox] › tests\e2e\basic.spec.ts:650:3 › 14. Boolean Difference › 14-1 difference leaves 1 shape with a hole
[1A[2K  107) [firefox] › tests\e2e\basic.spec.ts:560:3 › 12. Array copy › 12-2 2×1 array creates 2 shapes 

    [31mTest timeout of 30000ms exceeded while running "beforeEach" hook.[39m

      538 |
      539 | test.describe('12. Array copy', () => {
    > 540 |   test.beforeEach(async ({ page }) => {
          |        ^
      541 |     await page.goto('/');
      542 |     await page.waitForLoadState('networkidle');
      543 |     const box = await canvasBox(page);
        at C:\Users\toshi\python\StencilDesinger3\tests\e2e\basic.spec.ts:540:8

    Error: page.click: Test timeout of 30000ms exceeded.
    Call log:
    [2m  - waiting for locator('[data-tool="rect"]')[22m
    [2m    - locator resolved to <button class="tool-btn" data-tool="rect" title="Draw a rectangle (R)">…</button>[22m
    [2m  - attempting click action[22m
    [2m    2 × waiting for element to be visible, enabled and stable[22m
    [2m      - element is visible, enabled and stable[22m
    [2m      - scrolling into view if needed[22m
    [2m      - done scrolling[22m
    [2m      - <div class="modal-overlay" id="file-manager-modal">…</div> intercepts pointer events[22m
    [2m    - retrying click action[22m
    [2m    - waiting 20ms[22m
    [2m    2 × waiting for element to be visible, enabled and stable[22m
    [2m      - element is visible, enabled and stable[22m
    [2m      - scrolling into view if needed[22m
    [2m      - done scrolling[22m
    [2m      - <div class="modal-overlay" id="file-manager-modal">…</div> intercepts pointer events[22m
    [2m    - retrying click action[22m
    [2m      - waiting 100ms[22m
    [2m    49 × waiting for element to be visible, enabled and stable[22m
    [2m       - element is visible, enabled and stable[22m
    [2m       - scrolling into view if needed[22m
    [2m       - done scrolling[22m
    [2m       - <div class="modal-overlay" id="file-manager-modal">…</div> intercepts pointer events[22m
    [2m     - retrying click action[22m
    [2m       - waiting 500ms[22m


      4 |
      5 | async function drawRect(page: Page, x1: number, y1: number, x2: number, y2: number) {
    > 6 |   await page.click('[data-tool="rect"]');
        |              ^
      7 |   await page.mouse.move(x1, y1);
      8 |   await page.mouse.down();
      9 |   await page.mouse.move(x2, y2);
        at drawRect (C:\Users\toshi\python\StencilDesinger3\tests\e2e\basic.spec.ts:6:14)
        at C:\Users\toshi\python\StencilDesinger3\tests\e2e\basic.spec.ts:544:11

    Error Context: test-results\basic-12-Array-copy-12-2-2×1-array-creates-2-shapes-firefox\error-context.md


[1A[2K[134/178] [firefox] › tests\e2e\basic.spec.ts:667:3 › 14. Boolean Difference › 14-2 undo restores original two shapes
[1A[2K  108) [firefox] › tests\e2e\basic.spec.ts:573:3 › 12. Array copy › 12-3 undo removes array copies ─

    [31mTest timeout of 30000ms exceeded while running "beforeEach" hook.[39m

      538 |
      539 | test.describe('12. Array copy', () => {
    > 540 |   test.beforeEach(async ({ page }) => {
          |        ^
      541 |     await page.goto('/');
      542 |     await page.waitForLoadState('networkidle');
      543 |     const box = await canvasBox(page);
        at C:\Users\toshi\python\StencilDesinger3\tests\e2e\basic.spec.ts:540:8

    Error: page.click: Test timeout of 30000ms exceeded.
    Call log:
    [2m  - waiting for locator('[data-tool="rect"]')[22m
    [2m    - locator resolved to <button class="tool-btn" data-tool="rect" title="Draw a rectangle (R)">…</button>[22m
    [2m  - attempting click action[22m
    [2m    2 × waiting for element to be visible, enabled and stable[22m
    [2m      - element is visible, enabled and stable[22m
    [2m      - scrolling into view if needed[22m
    [2m      - done scrolling[22m
    [2m      - <div class="modal-overlay" id="file-manager-modal">…</div> intercepts pointer events[22m
    [2m    - retrying click action[22m
    [2m    - waiting 20ms[22m
    [2m    2 × waiting for element to be visible, enabled and stable[22m
    [2m      - element is visible, enabled and stable[22m
    [2m      - scrolling into view if needed[22m
    [2m      - done scrolling[22m
    [2m      - <div class="modal-overlay" id="file-manager-modal">…</div> intercepts pointer events[22m
    [2m    - retrying click action[22m
    [2m      - waiting 100ms[22m
    [2m    50 × waiting for element to be visible, enabled and stable[22m
    [2m       - element is visible, enabled and stable[22m
    [2m       - scrolling into view if needed[22m
    [2m       - done scrolling[22m
    [2m       - <div class="modal-overlay" id="file-manager-modal">…</div> intercepts pointer events[22m
    [2m     - retrying click action[22m
    [2m       - waiting 500ms[22m


      4 |
      5 | async function drawRect(page: Page, x1: number, y1: number, x2: number, y2: number) {
    > 6 |   await page.click('[data-tool="rect"]');
        |              ^
      7 |   await page.mouse.move(x1, y1);
      8 |   await page.mouse.down();
      9 |   await page.mouse.move(x2, y2);
        at drawRect (C:\Users\toshi\python\StencilDesinger3\tests\e2e\basic.spec.ts:6:14)
        at C:\Users\toshi\python\StencilDesinger3\tests\e2e\basic.spec.ts:544:11

    Error Context: test-results\basic-12-Array-copy-12-3-undo-removes-array-copies-firefox\error-context.md


[1A[2K[135/178] [firefox] › tests\e2e\basic.spec.ts:688:3 › 15. Snap toggle › 15-1 snap is ON by default
[1A[2K[136/178] [firefox] › tests\e2e\basic.spec.ts:693:3 › 15. Snap toggle › 15-2 clicking snap toggles to OFF
[1A[2K  109) [firefox] › tests\e2e\basic.spec.ts:601:3 › 13. Boolean Union › 13-1 union of two overlapping rects gives 1 shape 

    [31mTest timeout of 30000ms exceeded while running "beforeEach" hook.[39m

      590 |
      591 | test.describe('13. Boolean Union', () => {
    > 592 |   test.beforeEach(async ({ page }) => {
          |        ^
      593 |     await page.goto('/');
      594 |     await page.waitForLoadState('networkidle');
      595 |     const box = await canvasBox(page);
        at C:\Users\toshi\python\StencilDesinger3\tests\e2e\basic.spec.ts:592:8

    Error: page.click: Test timeout of 30000ms exceeded.
    Call log:
    [2m  - waiting for locator('[data-tool="rect"]')[22m
    [2m    - locator resolved to <button class="tool-btn" data-tool="rect" title="Draw a rectangle (R)">…</button>[22m
    [2m  - attempting click action[22m
    [2m    2 × waiting for element to be visible, enabled and stable[22m
    [2m      - element is visible, enabled and stable[22m
    [2m      - scrolling into view if needed[22m
    [2m      - done scrolling[22m
    [2m      - <div class="modal-overlay" id="file-manager-modal">…</div> intercepts pointer events[22m
    [2m    - retrying click action[22m
    [2m    - waiting 20ms[22m
    [2m    2 × waiting for element to be visible, enabled and stable[22m
    [2m      - element is visible, enabled and stable[22m
    [2m      - scrolling into view if needed[22m
    [2m      - done scrolling[22m
    [2m      - <div class="modal-overlay" id="file-manager-modal">…</div> intercepts pointer events[22m
    [2m    - retrying click action[22m
    [2m      - waiting 100ms[22m
    [2m    50 × waiting for element to be visible, enabled and stable[22m
    [2m       - element is visible, enabled and stable[22m
    [2m       - scrolling into view if needed[22m
    [2m       - done scrolling[22m
    [2m       - <div class="modal-overlay" id="file-manager-modal">…</div> intercepts pointer events[22m
    [2m     - retrying click action[22m
    [2m       - waiting 500ms[22m


      4 |
      5 | async function drawRect(page: Page, x1: number, y1: number, x2: number, y2: number) {
    > 6 |   await page.click('[data-tool="rect"]');
        |              ^
      7 |   await page.mouse.move(x1, y1);
      8 |   await page.mouse.down();
      9 |   await page.mouse.move(x2, y2);
        at drawRect (C:\Users\toshi\python\StencilDesinger3\tests\e2e\basic.spec.ts:6:14)
        at C:\Users\toshi\python\StencilDesinger3\tests\e2e\basic.spec.ts:597:11

    Error Context: test-results\basic-13-Boolean-Union-13--d7be9-lapping-rects-gives-1-shape-firefox\error-context.md


[1A[2K[137/178] [firefox] › tests\e2e\basic.spec.ts:699:3 › 15. Snap toggle › 15-3 clicking again restores ON
[1A[2K  110) [firefox] › tests\e2e\basic.spec.ts:612:3 › 13. Boolean Union › 13-2 result has integer coordinates only 

    [31mTest timeout of 30000ms exceeded while running "beforeEach" hook.[39m

      590 |
      591 | test.describe('13. Boolean Union', () => {
    > 592 |   test.beforeEach(async ({ page }) => {
          |        ^
      593 |     await page.goto('/');
      594 |     await page.waitForLoadState('networkidle');
      595 |     const box = await canvasBox(page);
        at C:\Users\toshi\python\StencilDesinger3\tests\e2e\basic.spec.ts:592:8

    Error: page.click: Test timeout of 30000ms exceeded.
    Call log:
    [2m  - waiting for locator('[data-tool="rect"]')[22m
    [2m    - locator resolved to <button class="tool-btn" data-tool="rect" title="Draw a rectangle (R)">…</button>[22m
    [2m  - attempting click action[22m
    [2m    2 × waiting for element to be visible, enabled and stable[22m
    [2m      - element is visible, enabled and stable[22m
    [2m      - scrolling into view if needed[22m
    [2m      - done scrolling[22m
    [2m      - <div class="modal-overlay" id="file-manager-modal">…</div> intercepts pointer events[22m
    [2m    - retrying click action[22m
    [2m    - waiting 20ms[22m
    [2m    2 × waiting for element to be visible, enabled and stable[22m
    [2m      - element is visible, enabled and stable[22m
    [2m      - scrolling into view if needed[22m
    [2m      - done scrolling[22m
    [2m      - <div class="modal-overlay" id="file-manager-modal">…</div> intercepts pointer events[22m
    [2m    - retrying click action[22m
    [2m      - waiting 100ms[22m
    [2m    50 × waiting for element to be visible, enabled and stable[22m
    [2m       - element is visible, enabled and stable[22m
    [2m       - scrolling into view if needed[22m
    [2m       - done scrolling[22m
    [2m       - <div class="modal-overlay" id="file-manager-modal">…</div> intercepts pointer events[22m
    [2m     - retrying click action[22m
    [2m       - waiting 500ms[22m


      4 |
      5 | async function drawRect(page: Page, x1: number, y1: number, x2: number, y2: number) {
    > 6 |   await page.click('[data-tool="rect"]');
        |              ^
      7 |   await page.mouse.move(x1, y1);
      8 |   await page.mouse.down();
      9 |   await page.mouse.move(x2, y2);
        at drawRect (C:\Users\toshi\python\StencilDesinger3\tests\e2e\basic.spec.ts:6:14)
        at C:\Users\toshi\python\StencilDesinger3\tests\e2e\basic.spec.ts:597:11

    Error Context: test-results\basic-13-Boolean-Union-13--b4f66-as-integer-coordinates-only-firefox\error-context.md


[1A[2K[138/178] [firefox] › tests\e2e\basic.spec.ts:705:3 › 15. Snap toggle › 15-4 snap state reflected in app state
[1A[2K  111) [firefox] › tests\e2e\basic.spec.ts:627:3 › 13. Boolean Union › 13-3 undo restores two shapes 

    [31mTest timeout of 30000ms exceeded while running "beforeEach" hook.[39m

      590 |
      591 | test.describe('13. Boolean Union', () => {
    > 592 |   test.beforeEach(async ({ page }) => {
          |        ^
      593 |     await page.goto('/');
      594 |     await page.waitForLoadState('networkidle');
      595 |     const box = await canvasBox(page);
        at C:\Users\toshi\python\StencilDesinger3\tests\e2e\basic.spec.ts:592:8

    Error: page.click: Test timeout of 30000ms exceeded.
    Call log:
    [2m  - waiting for locator('[data-tool="rect"]')[22m
    [2m    - locator resolved to <button class="tool-btn" data-tool="rect" title="Draw a rectangle (R)">…</button>[22m
    [2m  - attempting click action[22m
    [2m    2 × waiting for element to be visible, enabled and stable[22m
    [2m      - element is visible, enabled and stable[22m
    [2m      - scrolling into view if needed[22m
    [2m      - done scrolling[22m
    [2m      - <div class="modal-overlay" id="file-manager-modal">…</div> intercepts pointer events[22m
    [2m    - retrying click action[22m
    [2m    - waiting 20ms[22m
    [2m    2 × waiting for element to be visible, enabled and stable[22m
    [2m      - element is visible, enabled and stable[22m
    [2m      - scrolling into view if needed[22m
    [2m      - done scrolling[22m
    [2m      - <div class="modal-overlay" id="file-manager-modal">…</div> intercepts pointer events[22m
    [2m    - retrying click action[22m
    [2m      - waiting 100ms[22m
    [2m    51 × waiting for element to be visible, enabled and stable[22m
    [2m       - element is visible, enabled and stable[22m
    [2m       - scrolling into view if needed[22m
    [2m       - done scrolling[22m
    [2m       - <div class="modal-overlay" id="file-manager-modal">…</div> intercepts pointer events[22m
    [2m     - retrying click action[22m
    [2m       - waiting 500ms[22m


      4 |
      5 | async function drawRect(page: Page, x1: number, y1: number, x2: number, y2: number) {
    > 6 |   await page.click('[data-tool="rect"]');
        |              ^
      7 |   await page.mouse.move(x1, y1);
      8 |   await page.mouse.down();
      9 |   await page.mouse.move(x2, y2);
        at drawRect (C:\Users\toshi\python\StencilDesinger3\tests\e2e\basic.spec.ts:6:14)
        at C:\Users\toshi\python\StencilDesinger3\tests\e2e\basic.spec.ts:597:11

    Error Context: test-results\basic-13-Boolean-Union-13-3-undo-restores-two-shapes-firefox\error-context.md


[1A[2K[139/178] [firefox] › tests\e2e\basic.spec.ts:722:3 › 16. DXF export › 16-1 export triggers file download
[1A[2K  112) [firefox] › tests\e2e\basic.spec.ts:650:3 › 14. Boolean Difference › 14-1 difference leaves 1 shape with a hole 

    [31mTest timeout of 30000ms exceeded while running "beforeEach" hook.[39m

      640 |
      641 | test.describe('14. Boolean Difference', () => {
    > 642 |   test.beforeEach(async ({ page }) => {
          |        ^
      643 |     await page.goto('/');
      644 |     await page.waitForLoadState('networkidle');
      645 |     const box = await canvasBox(page);
        at C:\Users\toshi\python\StencilDesinger3\tests\e2e\basic.spec.ts:642:8

    Error: page.click: Test timeout of 30000ms exceeded.
    Call log:
    [2m  - waiting for locator('[data-tool="rect"]')[22m
    [2m    - locator resolved to <button class="tool-btn" data-tool="rect" title="Draw a rectangle (R)">…</button>[22m
    [2m  - attempting click action[22m
    [2m    2 × waiting for element to be visible, enabled and stable[22m
    [2m      - element is visible, enabled and stable[22m
    [2m      - scrolling into view if needed[22m
    [2m      - done scrolling[22m
    [2m      - <div class="modal-overlay" id="file-manager-modal">…</div> intercepts pointer events[22m
    [2m    - retrying click action[22m
    [2m    - waiting 20ms[22m
    [2m    2 × waiting for element to be visible, enabled and stable[22m
    [2m      - element is visible, enabled and stable[22m
    [2m      - scrolling into view if needed[22m
    [2m      - done scrolling[22m
    [2m      - <div class="modal-overlay" id="file-manager-modal">…</div> intercepts pointer events[22m
    [2m    - retrying click action[22m
    [2m      - waiting 100ms[22m
    [2m    51 × waiting for element to be visible, enabled and stable[22m
    [2m       - element is visible, enabled and stable[22m
    [2m       - scrolling into view if needed[22m
    [2m       - done scrolling[22m
    [2m       - <div class="modal-overlay" id="file-manager-modal">…</div> intercepts pointer events[22m
    [2m     - retrying click action[22m
    [2m       - waiting 500ms[22m


      4 |
      5 | async function drawRect(page: Page, x1: number, y1: number, x2: number, y2: number) {
    > 6 |   await page.click('[data-tool="rect"]');
        |              ^
      7 |   await page.mouse.move(x1, y1);
      8 |   await page.mouse.down();
      9 |   await page.mouse.move(x2, y2);
        at drawRect (C:\Users\toshi\python\StencilDesinger3\tests\e2e\basic.spec.ts:6:14)
        at C:\Users\toshi\python\StencilDesinger3\tests\e2e\basic.spec.ts:646:11

    Error Context: test-results\basic-14-Boolean-Differenc-ae50f--leaves-1-shape-with-a-hole-firefox\error-context.md


[1A[2K[140/178] [firefox] › tests\e2e\basic.spec.ts:730:3 › 16. DXF export › 16-2 exported DXF contains LWPOLYLINE
[1A[2K  113) [firefox] › tests\e2e\basic.spec.ts:667:3 › 14. Boolean Difference › 14-2 undo restores original two shapes 

    [31mTest timeout of 30000ms exceeded while running "beforeEach" hook.[39m

      640 |
      641 | test.describe('14. Boolean Difference', () => {
    > 642 |   test.beforeEach(async ({ page }) => {
          |        ^
      643 |     await page.goto('/');
      644 |     await page.waitForLoadState('networkidle');
      645 |     const box = await canvasBox(page);
        at C:\Users\toshi\python\StencilDesinger3\tests\e2e\basic.spec.ts:642:8

    Error: page.click: Test timeout of 30000ms exceeded.
    Call log:
    [2m  - waiting for locator('[data-tool="rect"]')[22m
    [2m    - locator resolved to <button class="tool-btn" data-tool="rect" title="Draw a rectangle (R)">…</button>[22m
    [2m  - attempting click action[22m
    [2m    2 × waiting for element to be visible, enabled and stable[22m
    [2m      - element is visible, enabled and stable[22m
    [2m      - scrolling into view if needed[22m
    [2m      - done scrolling[22m
    [2m      - <div class="modal-overlay" id="file-manager-modal">…</div> intercepts pointer events[22m
    [2m    - retrying click action[22m
    [2m    - waiting 20ms[22m
    [2m    2 × waiting for element to be visible, enabled and stable[22m
    [2m      - element is visible, enabled and stable[22m
    [2m      - scrolling into view if needed[22m
    [2m      - done scrolling[22m
    [2m      - <div class="modal-overlay" id="file-manager-modal">…</div> intercepts pointer events[22m
    [2m    - retrying click action[22m
    [2m      - waiting 100ms[22m
    [2m    51 × waiting for element to be visible, enabled and stable[22m
    [2m       - element is visible, enabled and stable[22m
    [2m       - scrolling into view if needed[22m
    [2m       - done scrolling[22m
    [2m       - <div class="modal-overlay" id="file-manager-modal">…</div> intercepts pointer events[22m
    [2m     - retrying click action[22m
    [2m       - waiting 500ms[22m


      4 |
      5 | async function drawRect(page: Page, x1: number, y1: number, x2: number, y2: number) {
    > 6 |   await page.click('[data-tool="rect"]');
        |              ^
      7 |   await page.mouse.move(x1, y1);
      8 |   await page.mouse.down();
      9 |   await page.mouse.move(x2, y2);
        at drawRect (C:\Users\toshi\python\StencilDesinger3\tests\e2e\basic.spec.ts:6:14)
        at C:\Users\toshi\python\StencilDesinger3\tests\e2e\basic.spec.ts:646:11

    Error Context: test-results\basic-14-Boolean-Differenc-9c41c-estores-original-two-shapes-firefox\error-context.md


[1A[2K[141/178] [firefox] › tests\e2e\basic.spec.ts:753:3 › 17. Keyboard shortcuts › 17-1 Ctrl+Z undoes
[1A[2K  114) [firefox] › tests\e2e\basic.spec.ts:693:3 › 15. Snap toggle › 15-2 clicking snap toggles to OFF 

    [31mTest timeout of 30000ms exceeded.[39m

    Error: page.click: Test timeout of 30000ms exceeded.
    Call log:
    [2m  - waiting for locator('#btn-snap')[22m
    [2m    - locator resolved to <button id="btn-snap" title="Snap on / off" class="hdr-btn active">…</button>[22m
    [2m  - attempting click action[22m
    [2m    2 × waiting for element to be visible, enabled and stable[22m
    [2m      - element is visible, enabled and stable[22m
    [2m      - scrolling into view if needed[22m
    [2m      - done scrolling[22m
    [2m      - <div class="modal-overlay" id="file-manager-modal">…</div> intercepts pointer events[22m
    [2m    - retrying click action[22m
    [2m    - waiting 20ms[22m
    [2m    2 × waiting for element to be visible, enabled and stable[22m
    [2m      - element is visible, enabled and stable[22m
    [2m      - scrolling into view if needed[22m
    [2m      - done scrolling[22m
    [2m      - <div class="modal-overlay" id="file-manager-modal">…</div> intercepts pointer events[22m
    [2m    - retrying click action[22m
    [2m      - waiting 100ms[22m
    [2m    51 × waiting for element to be visible, enabled and stable[22m
    [2m       - element is visible, enabled and stable[22m
    [2m       - scrolling into view if needed[22m
    [2m       - done scrolling[22m
    [2m       - <div class="modal-overlay" id="file-manager-modal">…</div> intercepts pointer events[22m
    [2m     - retrying click action[22m
    [2m       - waiting 500ms[22m


      692 |
      693 |   test('15-2 clicking snap toggles to OFF', async ({ page }) => {
    > 694 |     await page.click('#btn-snap');
          |                ^
      695 |     await expect(page.locator('#footer-snap')).toHaveText('OFF');
      696 |     await expect(page.locator('#btn-snap')).not.toHaveClass(/active/);
      697 |   });
        at C:\Users\toshi\python\StencilDesinger3\tests\e2e\basic.spec.ts:694:16

    Error Context: test-results\basic-15-Snap-toggle-15-2-clicking-snap-toggles-to-OFF-firefox\error-context.md


[1A[2K[142/178] [firefox] › tests\e2e\basic.spec.ts:759:3 › 17. Keyboard shortcuts › 17-2 Ctrl+Y redoes
[1A[2K  115) [firefox] › tests\e2e\basic.spec.ts:699:3 › 15. Snap toggle › 15-3 clicking again restores ON 

    [31mTest timeout of 30000ms exceeded.[39m

    Error: page.click: Test timeout of 30000ms exceeded.
    Call log:
    [2m  - waiting for locator('#btn-snap')[22m
    [2m    - locator resolved to <button id="btn-snap" title="Snap on / off" class="hdr-btn active">…</button>[22m
    [2m  - attempting click action[22m
    [2m    2 × waiting for element to be visible, enabled and stable[22m
    [2m      - element is visible, enabled and stable[22m
    [2m      - scrolling into view if needed[22m
    [2m      - done scrolling[22m
    [2m      - <div class="modal-overlay" id="file-manager-modal">…</div> intercepts pointer events[22m
    [2m    - retrying click action[22m
    [2m    - waiting 20ms[22m
    [2m    2 × waiting for element to be visible, enabled and stable[22m
    [2m      - element is visible, enabled and stable[22m
    [2m      - scrolling into view if needed[22m
    [2m      - done scrolling[22m
    [2m      - <div class="modal-overlay" id="file-manager-modal">…</div> intercepts pointer events[22m
    [2m    - retrying click action[22m
    [2m      - waiting 100ms[22m
    [2m    50 × waiting for element to be visible, enabled and stable[22m
    [2m       - element is visible, enabled and stable[22m
    [2m       - scrolling into view if needed[22m
    [2m       - done scrolling[22m
    [2m       - <div class="modal-overlay" id="file-manager-modal">…</div> intercepts pointer events[22m
    [2m     - retrying click action[22m
    [2m       - waiting 500ms[22m


      698 |
      699 |   test('15-3 clicking again restores ON', async ({ page }) => {
    > 700 |     await page.click('#btn-snap');
          |                ^
      701 |     await page.click('#btn-snap');
      702 |     await expect(page.locator('#footer-snap')).toHaveText('ON');
      703 |   });
        at C:\Users\toshi\python\StencilDesinger3\tests\e2e\basic.spec.ts:700:16

    Error Context: test-results\basic-15-Snap-toggle-15-3-clicking-again-restores-ON-firefox\error-context.md


[1A[2K[143/178] [firefox] › tests\e2e\basic.spec.ts:767:3 › 17. Keyboard shortcuts › 17-3 Delete key deletes selected shape
[1A[2K  116) [firefox] › tests\e2e\basic.spec.ts:705:3 › 15. Snap toggle › 15-4 snap state reflected in app state 

    [31mTest timeout of 30000ms exceeded.[39m

    Error: page.click: Test timeout of 30000ms exceeded.
    Call log:
    [2m  - waiting for locator('#btn-snap')[22m
    [2m    - locator resolved to <button id="btn-snap" title="Snap on / off" class="hdr-btn active">…</button>[22m
    [2m  - attempting click action[22m
    [2m    2 × waiting for element to be visible, enabled and stable[22m
    [2m      - element is visible, enabled and stable[22m
    [2m      - scrolling into view if needed[22m
    [2m      - done scrolling[22m
    [2m      - <div class="modal-overlay" id="file-manager-modal">…</div> intercepts pointer events[22m
    [2m    - retrying click action[22m
    [2m    - waiting 20ms[22m
    [2m    2 × waiting for element to be visible, enabled and stable[22m
    [2m      - element is visible, enabled and stable[22m
    [2m      - scrolling into view if needed[22m
    [2m      - done scrolling[22m
    [2m      - <div class="modal-overlay" id="file-manager-modal">…</div> intercepts pointer events[22m
    [2m    - retrying click action[22m
    [2m      - waiting 100ms[22m
    [2m    49 × waiting for element to be visible, enabled and stable[22m
    [2m       - element is visible, enabled and stable[22m
    [2m       - scrolling into view if needed[22m
    [2m       - done scrolling[22m
    [2m       - <div class="modal-overlay" id="file-manager-modal">…</div> intercepts pointer events[22m
    [2m     - retrying click action[22m
    [2m       - waiting 500ms[22m
    [2m    - waiting for element to be visible, enabled and stable[22m
    [2m    - element is visible, enabled and stable[22m
    [2m    - scrolling into view if needed[22m
    [2m    - done scrolling[22m


      704 |
      705 |   test('15-4 snap state reflected in app state', async ({ page }) => {
    > 706 |     await page.click('#btn-snap');
          |                ^
      707 |     const snap = await page.evaluate(() => (window as any).__app?.history?.state?.snapEnabled);
      708 |     expect(snap).toBe(false);
      709 |   });
        at C:\Users\toshi\python\StencilDesinger3\tests\e2e\basic.spec.ts:706:16

    Error Context: test-results\basic-15-Snap-toggle-15-4-snap-state-reflected-in-app-state-firefox\error-context.md


[1A[2K[144/178] [firefox] › tests\e2e\basic.spec.ts:775:3 › 17. Keyboard shortcuts › 17-4 Escape cancels drawing
[1A[2K  117) [firefox] › tests\e2e\basic.spec.ts:722:3 › 16. DXF export › 16-1 export triggers file download 

    [31mTest timeout of 30000ms exceeded while running "beforeEach" hook.[39m

      713 |
      714 | test.describe('16. DXF export', () => {
    > 715 |   test.beforeEach(async ({ page }) => {
          |        ^
      716 |     await page.goto('/');
      717 |     await page.waitForLoadState('networkidle');
      718 |     const box = await canvasBox(page);
        at C:\Users\toshi\python\StencilDesinger3\tests\e2e\basic.spec.ts:715:8

    Error: page.click: Test timeout of 30000ms exceeded.
    Call log:
    [2m  - waiting for locator('[data-tool="rect"]')[22m
    [2m    - locator resolved to <button class="tool-btn" data-tool="rect" title="Draw a rectangle (R)">…</button>[22m
    [2m  - attempting click action[22m
    [2m    2 × waiting for element to be visible, enabled and stable[22m
    [2m      - element is visible, enabled and stable[22m
    [2m      - scrolling into view if needed[22m
    [2m      - done scrolling[22m
    [2m      - <div class="modal-overlay" id="file-manager-modal">…</div> intercepts pointer events[22m
    [2m    - retrying click action[22m
    [2m    - waiting 20ms[22m
    [2m    2 × waiting for element to be visible, enabled and stable[22m
    [2m      - element is visible, enabled and stable[22m
    [2m      - scrolling into view if needed[22m
    [2m      - done scrolling[22m
    [2m      - <div class="modal-overlay" id="file-manager-modal">…</div> intercepts pointer events[22m
    [2m    - retrying click action[22m
    [2m      - waiting 100ms[22m
    [2m    49 × waiting for element to be visible, enabled and stable[22m
    [2m       - element is visible, enabled and stable[22m
    [2m       - scrolling into view if needed[22m
    [2m       - done scrolling[22m
    [2m       - <div class="modal-overlay" id="file-manager-modal">…</div> intercepts pointer events[22m
    [2m     - retrying click action[22m
    [2m       - waiting 500ms[22m


      4 |
      5 | async function drawRect(page: Page, x1: number, y1: number, x2: number, y2: number) {
    > 6 |   await page.click('[data-tool="rect"]');
        |              ^
      7 |   await page.mouse.move(x1, y1);
      8 |   await page.mouse.down();
      9 |   await page.mouse.move(x2, y2);
        at drawRect (C:\Users\toshi\python\StencilDesinger3\tests\e2e\basic.spec.ts:6:14)
        at C:\Users\toshi\python\StencilDesinger3\tests\e2e\basic.spec.ts:719:11

    Error Context: test-results\basic-16-DXF-export-16-1-export-triggers-file-download-firefox\error-context.md


[1A[2K[145/178] [firefox] › tests\e2e\basic.spec.ts:800:3 › 18. Undo/Redo buttons › 18-1 undo button enabled after draw
[1A[2K  118) [firefox] › tests\e2e\basic.spec.ts:730:3 › 16. DXF export › 16-2 exported DXF contains LWPOLYLINE 

    [31mTest timeout of 30000ms exceeded while running "beforeEach" hook.[39m

      713 |
      714 | test.describe('16. DXF export', () => {
    > 715 |   test.beforeEach(async ({ page }) => {
          |        ^
      716 |     await page.goto('/');
      717 |     await page.waitForLoadState('networkidle');
      718 |     const box = await canvasBox(page);
        at C:\Users\toshi\python\StencilDesinger3\tests\e2e\basic.spec.ts:715:8

    Error: page.click: Test timeout of 30000ms exceeded.
    Call log:
    [2m  - waiting for locator('[data-tool="rect"]')[22m
    [2m    - locator resolved to <button class="tool-btn" data-tool="rect" title="Draw a rectangle (R)">…</button>[22m
    [2m  - attempting click action[22m
    [2m    2 × waiting for element to be visible, enabled and stable[22m
    [2m      - element is visible, enabled and stable[22m
    [2m      - scrolling into view if needed[22m
    [2m      - done scrolling[22m
    [2m      - <div class="modal-overlay" id="file-manager-modal">…</div> intercepts pointer events[22m
    [2m    - retrying click action[22m
    [2m    - waiting 20ms[22m
    [2m    2 × waiting for element to be visible, enabled and stable[22m
    [2m      - element is visible, enabled and stable[22m
    [2m      - scrolling into view if needed[22m
    [2m      - done scrolling[22m
    [2m      - <div class="modal-overlay" id="file-manager-modal">…</div> intercepts pointer events[22m
    [2m    - retrying click action[22m
    [2m      - waiting 100ms[22m
    [2m    49 × waiting for element to be visible, enabled and stable[22m
    [2m       - element is visible, enabled and stable[22m
    [2m       - scrolling into view if needed[22m
    [2m       - done scrolling[22m
    [2m       - <div class="modal-overlay" id="file-manager-modal">…</div> intercepts pointer events[22m
    [2m     - retrying click action[22m
    [2m       - waiting 500ms[22m


      4 |
      5 | async function drawRect(page: Page, x1: number, y1: number, x2: number, y2: number) {
    > 6 |   await page.click('[data-tool="rect"]');
        |              ^
      7 |   await page.mouse.move(x1, y1);
      8 |   await page.mouse.down();
      9 |   await page.mouse.move(x2, y2);
        at drawRect (C:\Users\toshi\python\StencilDesinger3\tests\e2e\basic.spec.ts:6:14)
        at C:\Users\toshi\python\StencilDesinger3\tests\e2e\basic.spec.ts:719:11

    Error Context: test-results\basic-16-DXF-export-16-2-exported-DXF-contains-LWPOLYLINE-firefox\error-context.md


[1A[2K[146/178] [firefox] › tests\e2e\basic.spec.ts:806:3 › 18. Undo/Redo buttons › 18-2 undo button click works
[1A[2K  119) [firefox] › tests\e2e\basic.spec.ts:753:3 › 17. Keyboard shortcuts › 17-1 Ctrl+Z undoes ─────

    [31mTest timeout of 30000ms exceeded while running "beforeEach" hook.[39m

      744 |
      745 | test.describe('17. Keyboard shortcuts', () => {
    > 746 |   test.beforeEach(async ({ page }) => {
          |        ^
      747 |     await page.goto('/');
      748 |     await page.waitForLoadState('networkidle');
      749 |     const box = await canvasBox(page);
        at C:\Users\toshi\python\StencilDesinger3\tests\e2e\basic.spec.ts:746:8

    Error: page.click: Test timeout of 30000ms exceeded.
    Call log:
    [2m  - waiting for locator('[data-tool="rect"]')[22m
    [2m    - locator resolved to <button class="tool-btn" data-tool="rect" title="Draw a rectangle (R)">…</button>[22m
    [2m  - attempting click action[22m
    [2m    2 × waiting for element to be visible, enabled and stable[22m
    [2m      - element is visible, enabled and stable[22m
    [2m      - scrolling into view if needed[22m
    [2m      - done scrolling[22m
    [2m      - <div class="modal-overlay" id="file-manager-modal">…</div> intercepts pointer events[22m
    [2m    - retrying click action[22m
    [2m    - waiting 20ms[22m
    [2m    2 × waiting for element to be visible, enabled and stable[22m
    [2m      - element is visible, enabled and stable[22m
    [2m      - scrolling into view if needed[22m
    [2m      - done scrolling[22m
    [2m      - <div class="modal-overlay" id="file-manager-modal">…</div> intercepts pointer events[22m
    [2m    - retrying click action[22m
    [2m      - waiting 100ms[22m
    [2m    49 × waiting for element to be visible, enabled and stable[22m
    [2m       - element is visible, enabled and stable[22m
    [2m       - scrolling into view if needed[22m
    [2m       - done scrolling[22m
    [2m       - <div class="modal-overlay" id="file-manager-modal">…</div> intercepts pointer events[22m
    [2m     - retrying click action[22m
    [2m       - waiting 500ms[22m


      4 |
      5 | async function drawRect(page: Page, x1: number, y1: number, x2: number, y2: number) {
    > 6 |   await page.click('[data-tool="rect"]');
        |              ^
      7 |   await page.mouse.move(x1, y1);
      8 |   await page.mouse.down();
      9 |   await page.mouse.move(x2, y2);
        at drawRect (C:\Users\toshi\python\StencilDesinger3\tests\e2e\basic.spec.ts:6:14)
        at C:\Users\toshi\python\StencilDesinger3\tests\e2e\basic.spec.ts:750:11

    Error Context: test-results\basic-17-Keyboard-shortcuts-17-1-Ctrl-Z-undoes-firefox\error-context.md


[1A[2K[147/178] [firefox] › tests\e2e\basic.spec.ts:814:3 › 18. Undo/Redo buttons › 18-3 redo button enabled after undo
[1A[2K  120) [firefox] › tests\e2e\basic.spec.ts:759:3 › 17. Keyboard shortcuts › 17-2 Ctrl+Y redoes ─────

    [31mTest timeout of 30000ms exceeded while running "beforeEach" hook.[39m

      744 |
      745 | test.describe('17. Keyboard shortcuts', () => {
    > 746 |   test.beforeEach(async ({ page }) => {
          |        ^
      747 |     await page.goto('/');
      748 |     await page.waitForLoadState('networkidle');
      749 |     const box = await canvasBox(page);
        at C:\Users\toshi\python\StencilDesinger3\tests\e2e\basic.spec.ts:746:8

    Error: page.click: Test timeout of 30000ms exceeded.
    Call log:
    [2m  - waiting for locator('[data-tool="rect"]')[22m
    [2m    - locator resolved to <button class="tool-btn" data-tool="rect" title="Draw a rectangle (R)">…</button>[22m
    [2m  - attempting click action[22m
    [2m    2 × waiting for element to be visible, enabled and stable[22m
    [2m      - element is visible, enabled and stable[22m
    [2m      - scrolling into view if needed[22m
    [2m      - done scrolling[22m
    [2m      - <div class="modal-overlay" id="file-manager-modal">…</div> intercepts pointer events[22m
    [2m    - retrying click action[22m
    [2m    - waiting 20ms[22m
    [2m    2 × waiting for element to be visible, enabled and stable[22m
    [2m      - element is visible, enabled and stable[22m
    [2m      - scrolling into view if needed[22m
    [2m      - done scrolling[22m
    [2m      - <div class="modal-overlay" id="file-manager-modal">…</div> intercepts pointer events[22m
    [2m    - retrying click action[22m
    [2m      - waiting 100ms[22m
    [2m    50 × waiting for element to be visible, enabled and stable[22m
    [2m       - element is visible, enabled and stable[22m
    [2m       - scrolling into view if needed[22m
    [2m       - done scrolling[22m
    [2m       - <div class="modal-overlay" id="file-manager-modal">…</div> intercepts pointer events[22m
    [2m     - retrying click action[22m
    [2m       - waiting 500ms[22m


      4 |
      5 | async function drawRect(page: Page, x1: number, y1: number, x2: number, y2: number) {
    > 6 |   await page.click('[data-tool="rect"]');
        |              ^
      7 |   await page.mouse.move(x1, y1);
      8 |   await page.mouse.down();
      9 |   await page.mouse.move(x2, y2);
        at drawRect (C:\Users\toshi\python\StencilDesinger3\tests\e2e\basic.spec.ts:6:14)
        at C:\Users\toshi\python\StencilDesinger3\tests\e2e\basic.spec.ts:750:11

    Error Context: test-results\basic-17-Keyboard-shortcuts-17-2-Ctrl-Y-redoes-firefox\error-context.md


[1A[2K[148/178] [firefox] › tests\e2e\basic.spec.ts:821:3 › 18. Undo/Redo buttons › 18-4 redo button click works
[1A[2K  121) [firefox] › tests\e2e\basic.spec.ts:767:3 › 17. Keyboard shortcuts › 17-3 Delete key deletes selected shape 

    [31mTest timeout of 30000ms exceeded while running "beforeEach" hook.[39m

      744 |
      745 | test.describe('17. Keyboard shortcuts', () => {
    > 746 |   test.beforeEach(async ({ page }) => {
          |        ^
      747 |     await page.goto('/');
      748 |     await page.waitForLoadState('networkidle');
      749 |     const box = await canvasBox(page);
        at C:\Users\toshi\python\StencilDesinger3\tests\e2e\basic.spec.ts:746:8

    Error: page.click: Test timeout of 30000ms exceeded.
    Call log:
    [2m  - waiting for locator('[data-tool="rect"]')[22m
    [2m    - locator resolved to <button class="tool-btn" data-tool="rect" title="Draw a rectangle (R)">…</button>[22m
    [2m  - attempting click action[22m
    [2m    2 × waiting for element to be visible, enabled and stable[22m
    [2m      - element is visible, enabled and stable[22m
    [2m      - scrolling into view if needed[22m
    [2m      - done scrolling[22m
    [2m      - <div class="modal-overlay" id="file-manager-modal">…</div> intercepts pointer events[22m
    [2m    - retrying click action[22m
    [2m    - waiting 20ms[22m
    [2m    2 × waiting for element to be visible, enabled and stable[22m
    [2m      - element is visible, enabled and stable[22m
    [2m      - scrolling into view if needed[22m
    [2m      - done scrolling[22m
    [2m      - <div class="modal-overlay" id="file-manager-modal">…</div> intercepts pointer events[22m
    [2m    - retrying click action[22m
    [2m      - waiting 100ms[22m
    [2m    50 × waiting for element to be visible, enabled and stable[22m
    [2m       - element is visible, enabled and stable[22m
    [2m       - scrolling into view if needed[22m
    [2m       - done scrolling[22m
    [2m       - <div class="modal-overlay" id="file-manager-modal">…</div> intercepts pointer events[22m
    [2m     - retrying click action[22m
    [2m       - waiting 500ms[22m


      4 |
      5 | async function drawRect(page: Page, x1: number, y1: number, x2: number, y2: number) {
    > 6 |   await page.click('[data-tool="rect"]');
        |              ^
      7 |   await page.mouse.move(x1, y1);
      8 |   await page.mouse.down();
      9 |   await page.mouse.move(x2, y2);
        at drawRect (C:\Users\toshi\python\StencilDesinger3\tests\e2e\basic.spec.ts:6:14)
        at C:\Users\toshi\python\StencilDesinger3\tests\e2e\basic.spec.ts:750:11

    Error Context: test-results\basic-17-Keyboard-shortcut-0a1da--key-deletes-selected-shape-firefox\error-context.md


[1A[2K[149/178] [firefox] › tests\e2e\basic.spec.ts:834:3 › 19. Autosave and restore › 19-1 Ctrl+S saves without error
[1A[2K  122) [firefox] › tests\e2e\basic.spec.ts:775:3 › 17. Keyboard shortcuts › 17-4 Escape cancels drawing 

    [31mTest timeout of 30000ms exceeded while running "beforeEach" hook.[39m

      744 |
      745 | test.describe('17. Keyboard shortcuts', () => {
    > 746 |   test.beforeEach(async ({ page }) => {
          |        ^
      747 |     await page.goto('/');
      748 |     await page.waitForLoadState('networkidle');
      749 |     const box = await canvasBox(page);
        at C:\Users\toshi\python\StencilDesinger3\tests\e2e\basic.spec.ts:746:8

    Error: page.click: Test timeout of 30000ms exceeded.
    Call log:
    [2m  - waiting for locator('[data-tool="rect"]')[22m
    [2m    - locator resolved to <button class="tool-btn" data-tool="rect" title="Draw a rectangle (R)">…</button>[22m
    [2m  - attempting click action[22m
    [2m    2 × waiting for element to be visible, enabled and stable[22m
    [2m      - element is visible, enabled and stable[22m
    [2m      - scrolling into view if needed[22m
    [2m      - done scrolling[22m
    [2m      - <div class="modal-overlay" id="file-manager-modal">…</div> intercepts pointer events[22m
    [2m    - retrying click action[22m
    [2m    - waiting 20ms[22m
    [2m    2 × waiting for element to be visible, enabled and stable[22m
    [2m      - element is visible, enabled and stable[22m
    [2m      - scrolling into view if needed[22m
    [2m      - done scrolling[22m
    [2m      - <div class="modal-overlay" id="file-manager-modal">…</div> intercepts pointer events[22m
    [2m    - retrying click action[22m
    [2m      - waiting 100ms[22m
    [2m    50 × waiting for element to be visible, enabled and stable[22m
    [2m       - element is visible, enabled and stable[22m
    [2m       - scrolling into view if needed[22m
    [2m       - done scrolling[22m
    [2m       - <div class="modal-overlay" id="file-manager-modal">…</div> intercepts pointer events[22m
    [2m     - retrying click action[22m
    [2m       - waiting 500ms[22m


      4 |
      5 | async function drawRect(page: Page, x1: number, y1: number, x2: number, y2: number) {
    > 6 |   await page.click('[data-tool="rect"]');
        |              ^
      7 |   await page.mouse.move(x1, y1);
      8 |   await page.mouse.down();
      9 |   await page.mouse.move(x2, y2);
        at drawRect (C:\Users\toshi\python\StencilDesinger3\tests\e2e\basic.spec.ts:6:14)
        at C:\Users\toshi\python\StencilDesinger3\tests\e2e\basic.spec.ts:750:11

    Error Context: test-results\basic-17-Keyboard-shortcuts-17-4-Escape-cancels-drawing-firefox\error-context.md


[1A[2K[150/178] [firefox] › tests\e2e\basic.spec.ts:847:3 › 19. Autosave and restore › 19-2 shapes survive page reload (IndexedDB)
[1A[2K  123) [firefox] › tests\e2e\basic.spec.ts:800:3 › 18. Undo/Redo buttons › 18-1 undo button enabled after draw 

    [31mTest timeout of 30000ms exceeded.[39m

    Error: page.click: Test timeout of 30000ms exceeded.
    Call log:
    [2m  - waiting for locator('[data-tool="rect"]')[22m
    [2m    - locator resolved to <button class="tool-btn" data-tool="rect" title="Draw a rectangle (R)">…</button>[22m
    [2m  - attempting click action[22m
    [2m    2 × waiting for element to be visible, enabled and stable[22m
    [2m      - element is visible, enabled and stable[22m
    [2m      - scrolling into view if needed[22m
    [2m      - done scrolling[22m
    [2m      - <div class="modal-overlay" id="file-manager-modal">…</div> intercepts pointer events[22m
    [2m    - retrying click action[22m
    [2m    - waiting 20ms[22m
    [2m    2 × waiting for element to be visible, enabled and stable[22m
    [2m      - element is visible, enabled and stable[22m
    [2m      - scrolling into view if needed[22m
    [2m      - done scrolling[22m
    [2m      - <div class="modal-overlay" id="file-manager-modal">…</div> intercepts pointer events[22m
    [2m    - retrying click action[22m
    [2m      - waiting 100ms[22m
    [2m    51 × waiting for element to be visible, enabled and stable[22m
    [2m       - element is visible, enabled and stable[22m
    [2m       - scrolling into view if needed[22m
    [2m       - done scrolling[22m
    [2m       - <div class="modal-overlay" id="file-manager-modal">…</div> intercepts pointer events[22m
    [2m     - retrying click action[22m
    [2m       - waiting 500ms[22m


      4 |
      5 | async function drawRect(page: Page, x1: number, y1: number, x2: number, y2: number) {
    > 6 |   await page.click('[data-tool="rect"]');
        |              ^
      7 |   await page.mouse.move(x1, y1);
      8 |   await page.mouse.down();
      9 |   await page.mouse.move(x2, y2);
        at drawRect (C:\Users\toshi\python\StencilDesinger3\tests\e2e\basic.spec.ts:6:14)
        at C:\Users\toshi\python\StencilDesinger3\tests\e2e\basic.spec.ts:802:11

    Error Context: test-results\basic-18-Undo-Redo-buttons-8024c-o-button-enabled-after-draw-firefox\error-context.md


[1A[2K[151/178] [firefox] › tests\e2e\basic.spec.ts:875:3 › 20. Fit to content and zoom reset › 20-1 Fit button exists and is visible
[1A[2K  124) [firefox] › tests\e2e\basic.spec.ts:806:3 › 18. Undo/Redo buttons › 18-2 undo button click works 

    [31mTest timeout of 30000ms exceeded.[39m

    Error: page.click: Test timeout of 30000ms exceeded.
    Call log:
    [2m  - waiting for locator('[data-tool="rect"]')[22m
    [2m    - locator resolved to <button class="tool-btn" data-tool="rect" title="Draw a rectangle (R)">…</button>[22m
    [2m  - attempting click action[22m
    [2m    2 × waiting for element to be visible, enabled and stable[22m
    [2m      - element is visible, enabled and stable[22m
    [2m      - scrolling into view if needed[22m
    [2m      - done scrolling[22m
    [2m      - <div class="modal-overlay" id="file-manager-modal">…</div> intercepts pointer events[22m
    [2m    - retrying click action[22m
    [2m    - waiting 20ms[22m
    [2m    2 × waiting for element to be visible, enabled and stable[22m
    [2m      - element is visible, enabled and stable[22m
    [2m      - scrolling into view if needed[22m
    [2m      - done scrolling[22m
    [2m      - <div class="modal-overlay" id="file-manager-modal">…</div> intercepts pointer events[22m
    [2m    - retrying click action[22m
    [2m      - waiting 100ms[22m
    [2m    51 × waiting for element to be visible, enabled and stable[22m
    [2m       - element is visible, enabled and stable[22m
    [2m       - scrolling into view if needed[22m
    [2m       - done scrolling[22m
    [2m       - <div class="modal-overlay" id="file-manager-modal">…</div> intercepts pointer events[22m
    [2m     - retrying click action[22m
    [2m       - waiting 500ms[22m


      4 |
      5 | async function drawRect(page: Page, x1: number, y1: number, x2: number, y2: number) {
    > 6 |   await page.click('[data-tool="rect"]');
        |              ^
      7 |   await page.mouse.move(x1, y1);
      8 |   await page.mouse.down();
      9 |   await page.mouse.move(x2, y2);
        at drawRect (C:\Users\toshi\python\StencilDesinger3\tests\e2e\basic.spec.ts:6:14)
        at C:\Users\toshi\python\StencilDesinger3\tests\e2e\basic.spec.ts:808:11

    Error Context: test-results\basic-18-Undo-Redo-buttons-18-2-undo-button-click-works-firefox\error-context.md


[1A[2K[152/178] [firefox] › tests\e2e\basic.spec.ts:896:3 › 20. Fit to content and zoom reset › 20-3 Home key triggers fit-to-content
[1A[2K[153/178] [firefox] › tests\e2e\basic.spec.ts:879:3 › 20. Fit to content and zoom reset › 20-2 Fit button centers shapes (zoom changes)
[1A[2K  125) [firefox] › tests\e2e\basic.spec.ts:814:3 › 18. Undo/Redo buttons › 18-3 redo button enabled after undo 

    [31mTest timeout of 30000ms exceeded.[39m

    Error: page.click: Test timeout of 30000ms exceeded.
    Call log:
    [2m  - waiting for locator('[data-tool="rect"]')[22m
    [2m    - locator resolved to <button class="tool-btn" data-tool="rect" title="Draw a rectangle (R)">…</button>[22m
    [2m  - attempting click action[22m
    [2m    2 × waiting for element to be visible, enabled and stable[22m
    [2m      - element is visible, enabled and stable[22m
    [2m      - scrolling into view if needed[22m
    [2m      - done scrolling[22m
    [2m      - <div class="modal-overlay" id="file-manager-modal">…</div> intercepts pointer events[22m
    [2m    - retrying click action[22m
    [2m    - waiting 20ms[22m
    [2m    2 × waiting for element to be visible, enabled and stable[22m
    [2m      - element is visible, enabled and stable[22m
    [2m      - scrolling into view if needed[22m
    [2m      - done scrolling[22m
    [2m      - <div class="modal-overlay" id="file-manager-modal">…</div> intercepts pointer events[22m
    [2m    - retrying click action[22m
    [2m      - waiting 100ms[22m
    [2m    49 × waiting for element to be visible, enabled and stable[22m
    [2m       - element is visible, enabled and stable[22m
    [2m       - scrolling into view if needed[22m
    [2m       - done scrolling[22m
    [2m       - <div class="modal-overlay" id="file-manager-modal">…</div> intercepts pointer events[22m
    [2m     - retrying click action[22m
    [2m       - waiting 500ms[22m
    [2m    - waiting for element to be visible, enabled and stable[22m


      4 |
      5 | async function drawRect(page: Page, x1: number, y1: number, x2: number, y2: number) {
    > 6 |   await page.click('[data-tool="rect"]');
        |              ^
      7 |   await page.mouse.move(x1, y1);
      8 |   await page.mouse.down();
      9 |   await page.mouse.move(x2, y2);
        at drawRect (C:\Users\toshi\python\StencilDesinger3\tests\e2e\basic.spec.ts:6:14)
        at C:\Users\toshi\python\StencilDesinger3\tests\e2e\basic.spec.ts:816:11

    Error Context: test-results\basic-18-Undo-Redo-buttons-411a0-o-button-enabled-after-undo-firefox\error-context.md


[1A[2K[154/178] [firefox] › tests\e2e\basic.spec.ts:909:3 › 20. Fit to content and zoom reset › 20-4 Fit with no shapes resets to 50%
[1A[2K  126) [firefox] › tests\e2e\basic.spec.ts:821:3 › 18. Undo/Redo buttons › 18-4 redo button click works 

    [31mTest timeout of 30000ms exceeded.[39m

    Error: page.click: Test timeout of 30000ms exceeded.
    Call log:
    [2m  - waiting for locator('[data-tool="rect"]')[22m
    [2m    - locator resolved to <button class="tool-btn" data-tool="rect" title="Draw a rectangle (R)">…</button>[22m
    [2m  - attempting click action[22m
    [2m    2 × waiting for element to be visible, enabled and stable[22m
    [2m      - element is visible, enabled and stable[22m
    [2m      - scrolling into view if needed[22m
    [2m      - done scrolling[22m
    [2m      - <div class="modal-overlay" id="file-manager-modal">…</div> intercepts pointer events[22m
    [2m    - retrying click action[22m
    [2m    - waiting 20ms[22m
    [2m    2 × waiting for element to be visible, enabled and stable[22m
    [2m      - element is visible, enabled and stable[22m
    [2m      - scrolling into view if needed[22m
    [2m      - done scrolling[22m
    [2m      - <div class="modal-overlay" id="file-manager-modal">…</div> intercepts pointer events[22m
    [2m    - retrying click action[22m
    [2m      - waiting 100ms[22m
    [2m    51 × waiting for element to be visible, enabled and stable[22m
    [2m       - element is visible, enabled and stable[22m
    [2m       - scrolling into view if needed[22m
    [2m       - done scrolling[22m
    [2m       - <div class="modal-overlay" id="file-manager-modal">…</div> intercepts pointer events[22m
    [2m     - retrying click action[22m
    [2m       - waiting 500ms[22m


      4 |
      5 | async function drawRect(page: Page, x1: number, y1: number, x2: number, y2: number) {
    > 6 |   await page.click('[data-tool="rect"]');
        |              ^
      7 |   await page.mouse.move(x1, y1);
      8 |   await page.mouse.down();
      9 |   await page.mouse.move(x2, y2);
        at drawRect (C:\Users\toshi\python\StencilDesinger3\tests\e2e\basic.spec.ts:6:14)
        at C:\Users\toshi\python\StencilDesinger3\tests\e2e\basic.spec.ts:823:11

    Error Context: test-results\basic-18-Undo-Redo-buttons-18-4-redo-button-click-works-firefox\error-context.md


[1A[2K[155/178] [firefox] › tests\e2e\basic.spec.ts:917:3 › 20. Fit to content and zoom reset › 20-5 clicking zoom display resets to 100%
[1A[2K  127) [firefox] › tests\e2e\basic.spec.ts:834:3 › 19. Autosave and restore › 19-1 Ctrl+S saves without error 

    [31mTest timeout of 30000ms exceeded.[39m

    Error: page.click: Test timeout of 30000ms exceeded.
    Call log:
    [2m  - waiting for locator('[data-tool="rect"]')[22m
    [2m    - locator resolved to <button class="tool-btn" data-tool="rect" title="Draw a rectangle (R)">…</button>[22m
    [2m  - attempting click action[22m
    [2m    2 × waiting for element to be visible, enabled and stable[22m
    [2m      - element is visible, enabled and stable[22m
    [2m      - scrolling into view if needed[22m
    [2m      - done scrolling[22m
    [2m      - <div class="modal-overlay" id="file-manager-modal">…</div> intercepts pointer events[22m
    [2m    - retrying click action[22m
    [2m    - waiting 20ms[22m
    [2m    2 × waiting for element to be visible, enabled and stable[22m
    [2m      - element is visible, enabled and stable[22m
    [2m      - scrolling into view if needed[22m
    [2m      - done scrolling[22m
    [2m      - <div class="modal-overlay" id="file-manager-modal">…</div> intercepts pointer events[22m
    [2m    - retrying click action[22m
    [2m      - waiting 100ms[22m
    [2m    50 × waiting for element to be visible, enabled and stable[22m
    [2m       - element is visible, enabled and stable[22m
    [2m       - scrolling into view if needed[22m
    [2m       - done scrolling[22m
    [2m       - <div class="modal-overlay" id="file-manager-modal">…</div> intercepts pointer events[22m
    [2m     - retrying click action[22m
    [2m       - waiting 500ms[22m


      4 |
      5 | async function drawRect(page: Page, x1: number, y1: number, x2: number, y2: number) {
    > 6 |   await page.click('[data-tool="rect"]');
        |              ^
      7 |   await page.mouse.move(x1, y1);
      8 |   await page.mouse.down();
      9 |   await page.mouse.move(x2, y2);
        at drawRect (C:\Users\toshi\python\StencilDesinger3\tests\e2e\basic.spec.ts:6:14)
        at C:\Users\toshi\python\StencilDesinger3\tests\e2e\basic.spec.ts:838:11

    Error Context: test-results\basic-19-Autosave-and-rest-072f9--Ctrl-S-saves-without-error-firefox\error-context.md


[1A[2K[156/178] [firefox] › tests\e2e\basic.spec.ts:935:3 › 20. Fit to content and zoom reset › 20-6 auto-grid changes with zoom level
[1A[2K  128) [firefox] › tests\e2e\basic.spec.ts:917:3 › 20. Fit to content and zoom reset › 20-5 clicking zoom display resets to 100% 

    Error: [2mexpect([22m[31mreceived[39m[2m).[22mtoBeGreaterThan[2m([22m[32mexpected[39m[2m)[22m

    Expected: > [32m50[39m
    Received:   [31m50[39m

      924 |
      925 |   test('20-6 auto-grid changes with zoom level', async ({ page }) => {
    > 926 |     const box = await canvasBox(page);
          |                                             ^
      927 |     const gridBefore = await page.locator('#footer-grid').textContent();
      928 |
      929 |     // Zoom in significantly
        at C:\Users\toshi\python\StencilDesinger3\tests\e2e\basic.spec.ts:926:45

    Error Context: test-results\basic-20-Fit-to-content-an-860a3-zoom-display-resets-to-100--firefox\error-context.md


[1A[2K  129) [firefox] › tests\e2e\basic.spec.ts:847:3 › 19. Autosave and restore › 19-2 shapes survive page reload (IndexedDB) 

    [31mTest timeout of 30000ms exceeded.[39m

    Error: page.click: Test timeout of 30000ms exceeded.
    Call log:
    [2m  - waiting for locator('[data-tool="rect"]')[22m
    [2m    - locator resolved to <button class="tool-btn" data-tool="rect" title="Draw a rectangle (R)">…</button>[22m
    [2m  - attempting click action[22m
    [2m    2 × waiting for element to be visible, enabled and stable[22m
    [2m      - element is visible, enabled and stable[22m
    [2m      - scrolling into view if needed[22m
    [2m      - done scrolling[22m
    [2m      - <div class="modal-overlay" id="file-manager-modal">…</div> intercepts pointer events[22m
    [2m    - retrying click action[22m
    [2m    - waiting 20ms[22m
    [2m    2 × waiting for element to be visible, enabled and stable[22m
    [2m      - element is visible, enabled and stable[22m
    [2m      - scrolling into view if needed[22m
    [2m      - done scrolling[22m
    [2m      - <div class="modal-overlay" id="file-manager-modal">…</div> intercepts pointer events[22m
    [2m    - retrying click action[22m
    [2m      - waiting 100ms[22m
    [2m    51 × waiting for element to be visible, enabled and stable[22m
    [2m       - element is visible, enabled and stable[22m
    [2m       - scrolling into view if needed[22m
    [2m       - done scrolling[22m
    [2m       - <div class="modal-overlay" id="file-manager-modal">…</div> intercepts pointer events[22m
    [2m     - retrying click action[22m
    [2m       - waiting 500ms[22m


      4 |
      5 | async function drawRect(page: Page, x1: number, y1: number, x2: number, y2: number) {
    > 6 |   await page.click('[data-tool="rect"]');
        |              ^
      7 |   await page.mouse.move(x1, y1);
      8 |   await page.mouse.down();
      9 |   await page.mouse.move(x2, y2);
        at drawRect (C:\Users\toshi\python\StencilDesinger3\tests\e2e\basic.spec.ts:6:14)
        at C:\Users\toshi\python\StencilDesinger3\tests\e2e\basic.spec.ts:852:11

    Error Context: test-results\basic-19-Autosave-and-rest-532aa-vive-page-reload-IndexedDB--firefox\error-context.md


[1A[2K[157/178] [firefox] › tests\e2e\basic.spec.ts:950:3 › 20. Fit to content and zoom reset › 20-7 footer-grid shows µm unit
[1A[2K[158/178] [firefox] › tests\e2e\basic.spec.ts:966:3 › 22. Polygon tool › 22-1 Polygon button exists and activates
[1A[2K  130) [firefox] › tests\e2e\basic.spec.ts:935:3 › 20. Fit to content and zoom reset › 20-6 auto-grid changes with zoom level 

    Error: [2mexpect([22m[31mreceived[39m[2m).[22mnot[2m.[22mtoBe[2m([22m[32mexpected[39m[2m) // Object.is equality[22m

    Expected: not [32m"0.200 mm"[39m

      945 |
      946 | // ── 22. Polygon tool ───────────────────────────────────────────────────────
    > 947 |
          | ^
      948 | test.describe('22. Polygon tool', () => {
      949 |   test.beforeEach(async ({ page }) => {
      950 |     await gotoAndCloseModal(page);
        at C:\Users\toshi\python\StencilDesinger3\tests\e2e\basic.spec.ts:947:28

    Error Context: test-results\basic-20-Fit-to-content-an-53a83-rid-changes-with-zoom-level-firefox\error-context.md


[1A[2K[159/178] [firefox] › tests\e2e\basic.spec.ts:972:3 › 22. Polygon tool › 22-2 keyboard shortcut P activates Polygon tool
[1A[2K  131) [firefox] › tests\e2e\basic.spec.ts:950:3 › 20. Fit to content and zoom reset › 20-7 footer-grid shows µm unit 

    Error: [2mexpect([22m[31mreceived[39m[2m).[22mtoMatch[2m([22m[32mexpected[39m[2m)[22m

    Expected pattern: [32m/µm/[39m
    Received string:  [31m"0.200 mm"[39m

      950 |     await gotoAndCloseModal(page);
      951 |     await page.evaluate(() => (window as any).__app?.resetForTests?.().catch(() => {}));
    > 952 |     await page.waitForTimeout(200);
          |                  ^
      953 |   });
      954 |
      955 |   test('22-1 Polygon button exists and activates', async ({ page }) => {
        at C:\Users\toshi\python\StencilDesinger3\tests\e2e\basic.spec.ts:952:18

    Error Context: test-results\basic-20-Fit-to-content-an-426e5-7-footer-grid-shows-µm-unit-firefox\error-context.md


[1A[2K  132) [firefox] › tests\e2e\basic.spec.ts:896:3 › 20. Fit to content and zoom reset › 20-3 Home key triggers fit-to-content 

    [31mTest timeout of 30000ms exceeded.[39m

    Error: page.click: Test timeout of 30000ms exceeded.
    Call log:
    [2m  - waiting for locator('[data-tool="rect"]')[22m
    [2m    - locator resolved to <button class="tool-btn" data-tool="rect" title="Draw a rectangle (R)">…</button>[22m
    [2m  - attempting click action[22m
    [2m    2 × waiting for element to be visible, enabled and stable[22m
    [2m      - element is visible, enabled and stable[22m
    [2m      - scrolling into view if needed[22m
    [2m      - done scrolling[22m
    [2m      - <div class="modal-overlay" id="file-manager-modal">…</div> intercepts pointer events[22m
    [2m    - retrying click action[22m
    [2m    - waiting 20ms[22m
    [2m    2 × waiting for element to be visible, enabled and stable[22m
    [2m      - element is visible, enabled and stable[22m
    [2m      - scrolling into view if needed[22m
    [2m      - done scrolling[22m
    [2m      - <div class="modal-overlay" id="file-manager-modal">…</div> intercepts pointer events[22m
    [2m    - retrying click action[22m
    [2m      - waiting 100ms[22m
    [2m    51 × waiting for element to be visible, enabled and stable[22m
    [2m       - element is visible, enabled and stable[22m
    [2m       - scrolling into view if needed[22m
    [2m       - done scrolling[22m
    [2m       - <div class="modal-overlay" id="file-manager-modal">…</div> intercepts pointer events[22m
    [2m     - retrying click action[22m
    [2m       - waiting 500ms[22m
    [2m    - waiting for element to be visible, enabled and stable[22m
    [2m    - element is visible, enabled and stable[22m
    [2m    - scrolling into view if needed[22m
    [2m    - done scrolling[22m


      4 |
      5 | async function drawRect(page: Page, x1: number, y1: number, x2: number, y2: number) {
    > 6 |   await page.click('[data-tool="rect"]');
        |              ^
      7 |   await page.mouse.move(x1, y1);
      8 |   await page.mouse.down();
      9 |   await page.mouse.move(x2, y2);
        at drawRect (C:\Users\toshi\python\StencilDesinger3\tests\e2e\basic.spec.ts:6:14)
        at C:\Users\toshi\python\StencilDesinger3\tests\e2e\basic.spec.ts:898:11

    Error Context: test-results\basic-20-Fit-to-content-an-36615-key-triggers-fit-to-content-firefox\error-context.md


[1A[2K  133) [firefox] › tests\e2e\basic.spec.ts:879:3 › 20. Fit to content and zoom reset › 20-2 Fit button centers shapes (zoom changes) 

    [31mTest timeout of 30000ms exceeded.[39m

    Error: page.click: Test timeout of 30000ms exceeded.
    Call log:
    [2m  - waiting for locator('[data-tool="rect"]')[22m
    [2m    - locator resolved to <button class="tool-btn" data-tool="rect" title="Draw a rectangle (R)">…</button>[22m
    [2m  - attempting click action[22m
    [2m    2 × waiting for element to be visible, enabled and stable[22m
    [2m      - element is visible, enabled and stable[22m
    [2m      - scrolling into view if needed[22m
    [2m      - done scrolling[22m
    [2m      - <div class="modal-overlay" id="file-manager-modal">…</div> intercepts pointer events[22m
    [2m    - retrying click action[22m
    [2m    - waiting 20ms[22m
    [2m    2 × waiting for element to be visible, enabled and stable[22m
    [2m      - element is visible, enabled and stable[22m
    [2m      - scrolling into view if needed[22m
    [2m      - done scrolling[22m
    [2m      - <div class="modal-overlay" id="file-manager-modal">…</div> intercepts pointer events[22m
    [2m    - retrying click action[22m
    [2m      - waiting 100ms[22m
    [2m    49 × waiting for element to be visible, enabled and stable[22m
    [2m       - element is visible, enabled and stable[22m
    [2m       - scrolling into view if needed[22m
    [2m       - done scrolling[22m
    [2m       - <div class="modal-overlay" id="file-manager-modal">…</div> intercepts pointer events[22m
    [2m     - retrying click action[22m
    [2m       - waiting 500ms[22m
    [2m    - waiting for element to be visible, enabled and stable[22m


      4 |
      5 | async function drawRect(page: Page, x1: number, y1: number, x2: number, y2: number) {
    > 6 |   await page.click('[data-tool="rect"]');
        |              ^
      7 |   await page.mouse.move(x1, y1);
      8 |   await page.mouse.down();
      9 |   await page.mouse.move(x2, y2);
        at drawRect (C:\Users\toshi\python\StencilDesinger3\tests\e2e\basic.spec.ts:6:14)
        at C:\Users\toshi\python\StencilDesinger3\tests\e2e\basic.spec.ts:882:11

    Error Context: test-results\basic-20-Fit-to-content-an-aefc8-enters-shapes-zoom-changes--firefox\error-context.md


[1A[2K[160/178] [firefox] › tests\e2e\basic.spec.ts:977:3 › 22. Polygon tool › 22-3 triangle via 3 clicks + Enter creates one shape
[1A[2K[161/178] [firefox] › tests\e2e\basic.spec.ts:989:3 › 22. Polygon tool › 22-4 polygon has integer coordinates only
[1A[2K[162/178] [firefox] › tests\e2e\basic.spec.ts:1016:3 › 22. Polygon tool › 22-6 Backspace removes last vertex (Enter after pop still works)
[1A[2K[163/178] [firefox] › tests\e2e\basic.spec.ts:1006:3 › 22. Polygon tool › 22-5 Escape cancels drawing
[1A[2K  134) [firefox] › tests\e2e\basic.spec.ts:909:3 › 20. Fit to content and zoom reset › 20-4 Fit with no shapes resets to 50% 

    [31mTest timeout of 30000ms exceeded.[39m

    Error: page.click: Test timeout of 30000ms exceeded.
    Call log:
    [2m  - waiting for locator('#btn-fit')[22m
    [2m    - locator resolved to <button id="btn-fit" class="hdr-btn" title="Zoom to fit all shapes (Home)">…</button>[22m
    [2m  - attempting click action[22m
    [2m    2 × waiting for element to be visible, enabled and stable[22m
    [2m      - element is visible, enabled and stable[22m
    [2m      - scrolling into view if needed[22m
    [2m      - done scrolling[22m
    [2m      - <div class="modal-overlay" id="file-manager-modal">…</div> intercepts pointer events[22m
    [2m    - retrying click action[22m
    [2m    - waiting 20ms[22m
    [2m    2 × waiting for element to be visible, enabled and stable[22m
    [2m      - element is visible, enabled and stable[22m
    [2m      - scrolling into view if needed[22m
    [2m      - done scrolling[22m
    [2m      - <div class="modal-overlay" id="file-manager-modal">…</div> intercepts pointer events[22m
    [2m    - retrying click action[22m
    [2m      - waiting 100ms[22m
    [2m    50 × waiting for element to be visible, enabled and stable[22m
    [2m       - element is visible, enabled and stable[22m
    [2m       - scrolling into view if needed[22m
    [2m       - done scrolling[22m
    [2m       - <div class="modal-overlay" id="file-manager-modal">…</div> intercepts pointer events[22m
    [2m     - retrying click action[22m
    [2m       - waiting 500ms[22m
    [2m    - waiting for element to be visible, enabled and stable[22m


      909 |     // Zoom in first
      910 |     await page.mouse.move(box.x + box.width / 2, box.y + box.height / 2);
    > 911 |     for (let i = 0; i < 5; i++) {
          |                ^
      912 |       await page.mouse.wheel(0, -120);
      913 |       await page.waitForTimeout(20);
      914 |     }
        at C:\Users\toshi\python\StencilDesinger3\tests\e2e\basic.spec.ts:911:16

    Error Context: test-results\basic-20-Fit-to-content-an-93682-ith-no-shapes-resets-to-50--firefox\error-context.md


[1A[2K[164/178] [firefox] › tests\e2e\basic.spec.ts:1036:3 › 22. Polygon tool › 22-7 undo removes polygon
[1A[2K  135) [firefox] › tests\e2e\basic.spec.ts:966:3 › 22. Polygon tool › 22-1 Polygon button exists and activates 

    [31mTest timeout of 30000ms exceeded.[39m

    Error: page.click: Test timeout of 30000ms exceeded.
    Call log:
    [2m  - waiting for locator('[data-tool="polygon"]')[22m
    [2m    - locator resolved to <button class="tool-btn" data-tool="polygon" title="Draw a custom shape (P)">…</button>[22m
    [2m  - attempting click action[22m
    [2m    2 × waiting for element to be visible, enabled and stable[22m
    [2m      - element is visible, enabled and stable[22m
    [2m      - scrolling into view if needed[22m
    [2m      - done scrolling[22m
    [2m      - <div class="modal-overlay" id="file-manager-modal">…</div> intercepts pointer events[22m
    [2m    - retrying click action[22m
    [2m    - waiting 20ms[22m
    [2m    2 × waiting for element to be visible, enabled and stable[22m
    [2m      - element is visible, enabled and stable[22m
    [2m      - scrolling into view if needed[22m
    [2m      - done scrolling[22m
    [2m      - <div class="modal-overlay" id="file-manager-modal">…</div> intercepts pointer events[22m
    [2m    - retrying click action[22m
    [2m      - waiting 100ms[22m
    [2m    47 × waiting for element to be visible, enabled and stable[22m
    [2m       - element is visible, enabled and stable[22m
    [2m       - scrolling into view if needed[22m
    [2m       - done scrolling[22m
    [2m       - <div class="modal-overlay" id="file-manager-modal">…</div> intercepts pointer events[22m
    [2m     - retrying click action[22m
    [2m       - waiting 500ms[22m
    [2m    - waiting for element to be visible, enabled and stable[22m


      966 |   test('22-3 triangle via 3 clicks + Enter creates one shape', async ({ page }) => {
      967 |     const box = await canvasBox(page);
    > 968 |     await page.click('[data-tool="polygon"]');
          |                ^
      969 |     // Click 3 vertices
      970 |     await page.mouse.click(box.x + 300, box.y + 150);
      971 |     await page.mouse.click(box.x + 450, box.y + 350);
        at C:\Users\toshi\python\StencilDesinger3\tests\e2e\basic.spec.ts:968:16

    Error Context: test-results\basic-22-Polygon-tool-22-1-b6a84-button-exists-and-activates-firefox\error-context.md


[1A[2K[165/178] [firefox] › tests\e2e\basic.spec.ts:1050:3 › 22. Polygon tool › 22-8 polygon has no holes
[1A[2K  136) [firefox] › tests\e2e\basic.spec.ts:1016:3 › 22. Polygon tool › 22-6 Backspace removes last vertex (Enter after pop still works) 

    [31mTest timeout of 30000ms exceeded.[39m

    Error: page.click: Test timeout of 30000ms exceeded.
    Call log:
    [2m  - waiting for locator('[data-tool="polygon"]')[22m
    [2m    - locator resolved to <button class="tool-btn" data-tool="polygon" title="Draw a custom shape (P)">…</button>[22m
    [2m  - attempting click action[22m
    [2m    2 × waiting for element to be visible, enabled and stable[22m
    [2m      - element is visible, enabled and stable[22m
    [2m      - scrolling into view if needed[22m
    [2m      - done scrolling[22m
    [2m      - <div class="modal-overlay" id="file-manager-modal">…</div> intercepts pointer events[22m
    [2m    - retrying click action[22m
    [2m    - waiting 20ms[22m
    [2m    2 × waiting for element to be visible, enabled and stable[22m
    [2m      - element is visible, enabled and stable[22m
    [2m      - scrolling into view if needed[22m
    [2m      - done scrolling[22m
    [2m      - <div class="modal-overlay" id="file-manager-modal">…</div> intercepts pointer events[22m
    [2m    - retrying click action[22m
    [2m      - waiting 100ms[22m
    [2m    49 × waiting for element to be visible, enabled and stable[22m
    [2m       - element is visible, enabled and stable[22m
    [2m       - scrolling into view if needed[22m
    [2m       - done scrolling[22m
    [2m       - <div class="modal-overlay" id="file-manager-modal">…</div> intercepts pointer events[22m
    [2m     - retrying click action[22m
    [2m       - waiting 500ms[22m


      1016 |     expect(await shapeCount(page)).toBe(1);
      1017 |     // Should have 3-vertex outer ring (the extra vertex was removed)
    > 1018 |     const outerLen = await page.evaluate(() => {
           |                ^
      1019 |       const s = (window as any).__app?.history?.state?.shapes?.[0];
      1020 |       return s?.outer?.length ?? -1;
      1021 |     });
        at C:\Users\toshi\python\StencilDesinger3\tests\e2e\basic.spec.ts:1018:16

    Error Context: test-results\basic-22-Polygon-tool-22-6-85a8a-nter-after-pop-still-works--firefox\error-context.md


[1A[2K  137) [firefox] › tests\e2e\basic.spec.ts:977:3 › 22. Polygon tool › 22-3 triangle via 3 clicks + Enter creates one shape 

    [31mTest timeout of 30000ms exceeded.[39m

    Error: page.click: Test timeout of 30000ms exceeded.
    Call log:
    [2m  - waiting for locator('[data-tool="polygon"]')[22m
    [2m    - locator resolved to <button class="tool-btn" data-tool="polygon" title="Draw a custom shape (P)">…</button>[22m
    [2m  - attempting click action[22m
    [2m    2 × waiting for element to be visible, enabled and stable[22m
    [2m      - element is visible, enabled and stable[22m
    [2m      - scrolling into view if needed[22m
    [2m      - done scrolling[22m
    [2m      - <div class="modal-overlay" id="file-manager-modal">…</div> intercepts pointer events[22m
    [2m    - retrying click action[22m
    [2m    - waiting 20ms[22m
    [2m    2 × waiting for element to be visible, enabled and stable[22m
    [2m      - element is visible, enabled and stable[22m
    [2m      - scrolling into view if needed[22m
    [2m      - done scrolling[22m
    [2m      - <div class="modal-overlay" id="file-manager-modal">…</div> intercepts pointer events[22m
    [2m    - retrying click action[22m
    [2m      - waiting 100ms[22m
    [2m    46 × waiting for element to be visible, enabled and stable[22m
    [2m       - element is visible, enabled and stable[22m
    [2m       - scrolling into view if needed[22m
    [2m       - done scrolling[22m
    [2m       - <div class="modal-overlay" id="file-manager-modal">…</div> intercepts pointer events[22m
    [2m     - retrying click action[22m
    [2m       - waiting 500ms[22m
    [2m    - waiting for element to be visible, enabled and stable[22m


      977 |
      978 |   test('22-4 polygon has integer coordinates only', async ({ page }) => {
    > 979 |     const box = await canvasBox(page);
          |                ^
      980 |     await page.click('[data-tool="polygon"]');
      981 |     await page.mouse.click(box.x + 300, box.y + 150);
      982 |     await page.mouse.click(box.x + 450, box.y + 350);
        at C:\Users\toshi\python\StencilDesinger3\tests\e2e\basic.spec.ts:979:16

    Error Context: test-results\basic-22-Polygon-tool-22-3-b7213-cks-Enter-creates-one-shape-firefox\error-context.md


[1A[2K  138) [firefox] › tests\e2e\basic.spec.ts:989:3 › 22. Polygon tool › 22-4 polygon has integer coordinates only 

    [31mTest timeout of 30000ms exceeded.[39m

    Error: page.click: Test timeout of 30000ms exceeded.
    Call log:
    [2m  - waiting for locator('[data-tool="polygon"]')[22m
    [2m    - locator resolved to <button class="tool-btn" data-tool="polygon" title="Draw a custom shape (P)">…</button>[22m
    [2m  - attempting click action[22m
    [2m    2 × waiting for element to be visible, enabled and stable[22m
    [2m      - element is visible, enabled and stable[22m
    [2m      - scrolling into view if needed[22m
    [2m      - done scrolling[22m
    [2m      - <div class="modal-overlay" id="file-manager-modal">…</div> intercepts pointer events[22m
    [2m    - retrying click action[22m
    [2m    - waiting 20ms[22m
    [2m    2 × waiting for element to be visible, enabled and stable[22m
    [2m      - element is visible, enabled and stable[22m
    [2m      - scrolling into view if needed[22m
    [2m      - done scrolling[22m
    [2m      - <div class="modal-overlay" id="file-manager-modal">…</div> intercepts pointer events[22m
    [2m    - retrying click action[22m
    [2m      - waiting 100ms[22m
    [2m    45 × waiting for element to be visible, enabled and stable[22m
    [2m       - element is visible, enabled and stable[22m
    [2m       - scrolling into view if needed[22m
    [2m       - done scrolling[22m
    [2m       - <div class="modal-overlay" id="file-manager-modal">…</div> intercepts pointer events[22m
    [2m     - retrying click action[22m
    [2m       - waiting 500ms[22m
    [2m    - waiting for element to be visible, enabled and stable[22m


      989 |       if (!shapes || shapes.length === 0) return false;
      990 |       return shapes[0].outer.every((p: any) => Number.isInteger(p.x) && Number.isInteger(p.y));
    > 991 |     });
          |                ^
      992 |     expect(allIntegers).toBe(true);
      993 |   });
      994 |
        at C:\Users\toshi\python\StencilDesinger3\tests\e2e\basic.spec.ts:991:16

    Error Context: test-results\basic-22-Polygon-tool-22-4-31f7e-as-integer-coordinates-only-firefox\error-context.md


[1A[2K[166/178] [firefox] › tests\e2e\basic.spec.ts:1103:3 › 22. Polygon tool › 22-12 draft.willClose true when hovering near first vertex
[1A[2K  139) [firefox] › tests\e2e\basic.spec.ts:1006:3 › 22. Polygon tool › 22-5 Escape cancels drawing ─

    [31mTest timeout of 30000ms exceeded.[39m

    Error: page.click: Test timeout of 30000ms exceeded.
    Call log:
    [2m  - waiting for locator('[data-tool="polygon"]')[22m
    [2m    - locator resolved to <button class="tool-btn" data-tool="polygon" title="Draw a custom shape (P)">…</button>[22m
    [2m  - attempting click action[22m
    [2m    2 × waiting for element to be visible, enabled and stable[22m
    [2m      - element is visible, enabled and stable[22m
    [2m      - scrolling into view if needed[22m
    [2m      - done scrolling[22m
    [2m      - <div class="modal-overlay" id="file-manager-modal">…</div> intercepts pointer events[22m
    [2m    - retrying click action[22m
    [2m    - waiting 20ms[22m
    [2m    2 × waiting for element to be visible, enabled and stable[22m
    [2m      - element is visible, enabled and stable[22m
    [2m      - scrolling into view if needed[22m
    [2m      - done scrolling[22m
    [2m      - <div class="modal-overlay" id="file-manager-modal">…</div> intercepts pointer events[22m
    [2m    - retrying click action[22m
    [2m      - waiting 100ms[22m
    [2m    45 × waiting for element to be visible, enabled and stable[22m
    [2m       - element is visible, enabled and stable[22m
    [2m       - scrolling into view if needed[22m
    [2m       - done scrolling[22m
    [2m       - <div class="modal-overlay" id="file-manager-modal">…</div> intercepts pointer events[22m
    [2m     - retrying click action[22m
    [2m       - waiting 500ms[22m
    [2m    - waiting for element to be visible, enabled and stable[22m
    [2m    - element is visible, enabled and stable[22m
    [2m    - scrolling into view if needed[22m
    [2m    - done scrolling[22m


      1006 |     const box = await canvasBox(page);
      1007 |     await page.click('[data-tool="polygon"]');
    > 1008 |     // Click 4 vertices, then Backspace to remove last, then Enter to commit triangle
           |                ^
      1009 |     await page.mouse.click(box.x + 300, box.y + 100);
      1010 |     await page.mouse.click(box.x + 500, box.y + 350);
      1011 |     await page.mouse.click(box.x + 200, box.y + 400);
        at C:\Users\toshi\python\StencilDesinger3\tests\e2e\basic.spec.ts:1008:16

    Error Context: test-results\basic-22-Polygon-tool-22-5-Escape-cancels-drawing-firefox\error-context.md


[1A[2K[167/178] [firefox] › tests\e2e\basic.spec.ts:1065:3 › 22. Polygon tool › 22-9 pentagon via 5 clicks + Enter
[1A[2K[168/178] [firefox] › tests\e2e\basic.spec.ts:1086:3 › 22. Polygon tool › 22-10 footer shows vertex count while drawing
[1A[2K[169/178] [firefox] › tests\e2e\basic.spec.ts:1095:3 › 22. Polygon tool › 22-11 footer shows Enter/close hint while drawing
[1A[2K[170/178] [firefox] › tests\e2e\basic.spec.ts:1118:3 › 22. Polygon tool › 22-13 clicking near first vertex commits polygon
[1A[2K  140) [firefox] › tests\e2e\basic.spec.ts:1036:3 › 22. Polygon tool › 22-7 undo removes polygon ───

    [31mTest timeout of 30000ms exceeded.[39m

    Error: page.click: Test timeout of 30000ms exceeded.
    Call log:
    [2m  - waiting for locator('[data-tool="polygon"]')[22m
    [2m    - locator resolved to <button class="tool-btn" data-tool="polygon" title="Draw a custom shape (P)">…</button>[22m
    [2m  - attempting click action[22m
    [2m    2 × waiting for element to be visible, enabled and stable[22m
    [2m      - element is visible, enabled and stable[22m
    [2m      - scrolling into view if needed[22m
    [2m      - done scrolling[22m
    [2m      - <div class="modal-overlay" id="file-manager-modal">…</div> intercepts pointer events[22m
    [2m    - retrying click action[22m
    [2m    - waiting 20ms[22m
    [2m    2 × waiting for element to be visible, enabled and stable[22m
    [2m      - element is visible, enabled and stable[22m
    [2m      - scrolling into view if needed[22m
    [2m      - done scrolling[22m
    [2m      - <div class="modal-overlay" id="file-manager-modal">…</div> intercepts pointer events[22m
    [2m    - retrying click action[22m
    [2m      - waiting 100ms[22m
    [2m    49 × waiting for element to be visible, enabled and stable[22m
    [2m       - element is visible, enabled and stable[22m
    [2m       - scrolling into view if needed[22m
    [2m       - done scrolling[22m
    [2m       - <div class="modal-overlay" id="file-manager-modal">…</div> intercepts pointer events[22m
    [2m     - retrying click action[22m
    [2m       - waiting 500ms[22m


      1036 |     expect(await shapeCount(page)).toBe(0);
      1037 |   });
    > 1038 |
           | ^
      1039 |   test('22-8 polygon has no holes', async ({ page }) => {
      1040 |     const box = await canvasBox(page);
      1041 |     await page.click('[data-tool="polygon"]');
        at C:\Users\toshi\python\StencilDesinger3\tests\e2e\basic.spec.ts:1038:16

    Error Context: test-results\basic-22-Polygon-tool-22-7-undo-removes-polygon-firefox\error-context.md


[1A[2K[171/178] [firefox] › tests\e2e\basic.spec.ts:1149:3 › 22. Polygon tool › 22-15 self-intersecting polygon is rejected on commit
[1A[2K[172/178] [firefox] › tests\e2e\basic.spec.ts:1131:3 › 22. Polygon tool › 22-14 double-click commits polygon
[1A[2K[173/178] [firefox] › tests\e2e\basic.spec.ts:1162:3 › 22. Polygon tool › 22-16 Shift constrains angle to 15-degree multiples
[1A[2K[174/178] [firefox] › tests\e2e\basic.spec.ts:1182:3 › 22. Polygon tool › 22-17 polygon can be selected after creation
[1A[2K[175/178] [firefox] › tests\e2e\basic.spec.ts:1198:3 › 22. Polygon tool › 22-18 can draw multiple polygons sequentially
[1A[2K[176/178] [firefox] › tests\e2e\basic.spec.ts:1221:3 › 21. Console error check › 21-1 no JS errors on load
[1A[2K[177/178] [firefox] › tests\e2e\basic.spec.ts:1230:3 › 21. Console error check › 21-2 Clipper is available without CDN
[1A[2K[178/178] [firefox] › tests\e2e\basic.spec.ts:1245:3 › 21. Console error check › 21-3 no NaN in coordinates after draw
[1A[2K  141) [firefox] › tests\e2e\basic.spec.ts:1065:3 › 22. Polygon tool › 22-9 pentagon via 5 clicks + Enter 

    [31mTest timeout of 30000ms exceeded.[39m

    Error: page.click: Test timeout of 30000ms exceeded.
    Call log:
    [2m  - waiting for locator('[data-tool="polygon"]')[22m
    [2m    - locator resolved to <button class="tool-btn" data-tool="polygon" title="Draw a custom shape (P)">…</button>[22m
    [2m  - attempting click action[22m
    [2m    2 × waiting for element to be visible, enabled and stable[22m
    [2m      - element is visible, enabled and stable[22m
    [2m      - scrolling into view if needed[22m
    [2m      - done scrolling[22m
    [2m      - <div class="modal-overlay" id="file-manager-modal">…</div> intercepts pointer events[22m
    [2m    - retrying click action[22m
    [2m    - waiting 20ms[22m
    [2m    2 × waiting for element to be visible, enabled and stable[22m
    [2m      - element is visible, enabled and stable[22m
    [2m      - scrolling into view if needed[22m
    [2m      - done scrolling[22m
    [2m      - <div class="modal-overlay" id="file-manager-modal">…</div> intercepts pointer events[22m
    [2m    - retrying click action[22m
    [2m      - waiting 100ms[22m
    [2m    43 × waiting for element to be visible, enabled and stable[22m
    [2m       - element is visible, enabled and stable[22m
    [2m       - scrolling into view if needed[22m
    [2m       - done scrolling[22m
    [2m       - <div class="modal-overlay" id="file-manager-modal">…</div> intercepts pointer events[22m
    [2m     - retrying click action[22m
    [2m       - waiting 500ms[22m


      1057 |     const cy = box.y + box.height / 2;
      1058 |     const r = 100;
    > 1059 |     await page.click('[data-tool="polygon"]');
           |                ^
      1060 |     for (let i = 0; i < 5; i++) {
      1061 |       const angle = (2 * Math.PI * i) / 5 - Math.PI / 2;
      1062 |       await page.mouse.click(cx + r * Math.cos(angle), cy + r * Math.sin(angle));
        at C:\Users\toshi\python\StencilDesinger3\tests\e2e\basic.spec.ts:1059:16

    Error Context: test-results\basic-22-Polygon-tool-22-9-pentagon-via-5-clicks-Enter-firefox\error-context.md


[1A[2K  141 failed
    [chromium] › tests\e2e\basic.spec.ts:95:3 › 2. Theme toggle › 2-1 click Theme applies light class 
    [chromium] › tests\e2e\basic.spec.ts:100:3 › 2. Theme toggle › 2-2 second click restores dark theme 
    [chromium] › tests\e2e\basic.spec.ts:131:3 › 3. Cursor coordinates › 3-3 moving to different positions changes values 
    [chromium] › tests\e2e\basic.spec.ts:149:3 › 4. Zoom and pan › 4-1 scroll wheel changes zoom percentage 
    [chromium] › tests\e2e\basic.spec.ts:160:3 › 4. Zoom and pan › 4-2 zoom in increases zoom value 
    [chromium] › tests\e2e\basic.spec.ts:172:3 › 4. Zoom and pan › 4-3 zoom out decreases zoom value 
    [chromium] › tests\e2e\basic.spec.ts:184:3 › 4. Zoom and pan › 4-4 right-drag pans canvas ──────
    [chromium] › tests\e2e\basic.spec.ts:216:3 › 5. Rectangle tool › 5-1 Rect button highlights on click 
    [chromium] › tests\e2e\basic.spec.ts:221:3 › 5. Rectangle tool › 5-2 drawing adds one shape ────
    [chromium] › tests\e2e\basic.spec.ts:228:3 › 5. Rectangle tool › 5-3 drawn shape has correct bounding box 
    [chromium] › tests\e2e\basic.spec.ts:251:3 › 5. Rectangle tool › 5-4 Shift constraint makes square 
    [chromium] › tests\e2e\basic.spec.ts:279:3 › 5. Rectangle tool › 5-5 undo removes shape ────────
    [chromium] › tests\e2e\basic.spec.ts:288:3 › 5. Rectangle tool › 5-6 undo enables redo ─────────
    [chromium] › tests\e2e\basic.spec.ts:304:3 › 7. Circle tool › 7-1 Circle button highlights ─────
    [chromium] › tests\e2e\basic.spec.ts:309:3 › 7. Circle tool › 7-2 drawing a circle adds one shape 
    [chromium] › tests\e2e\basic.spec.ts:319:3 › 7. Circle tool › 7-3 circle shape has integer coordinates only 
    [chromium] › tests\e2e\basic.spec.ts:336:3 › 7. Circle tool › 7-4 circle has no holes ──────────
    [chromium] › tests\e2e\basic.spec.ts:362:3 › 8. Selection › 8-1 clicking shape selects it ──────
    [chromium] › tests\e2e\basic.spec.ts:368:3 › 8. Selection › 8-2 right panel shows selection info 
    [chromium] › tests\e2e\basic.spec.ts:374:3 › 8. Selection › 8-3 footer W/H update on selection ─
    [chromium] › tests\e2e\basic.spec.ts:382:3 › 8. Selection › 8-4 click empty area deselects ─────
    [chromium] › tests\e2e\basic.spec.ts:390:3 › 8. Selection › 8-5 Shift+click adds to selection ──
    [chromium] › tests\e2e\basic.spec.ts:414:3 › 9. Move (drag) › 9-1 dragging moves shape position 
    [chromium] › tests\e2e\basic.spec.ts:436:3 › 9. Move (drag) › 9-2 undo restores original position 
    [chromium] › tests\e2e\basic.spec.ts:476:3 › 10. Delete › 10-1 Delete button removes selected shape 
    [chromium] › tests\e2e\basic.spec.ts:483:3 › 10. Delete › 10-2 Delete key removes selected shape 
    [chromium] › tests\e2e\basic.spec.ts:491:3 › 10. Delete › 10-3 undo restores deleted shape ─────
    [chromium] › tests\e2e\basic.spec.ts:512:3 › 11. Copy › 11-1 Copy adds one more shape ──────────
    [chromium] › tests\e2e\basic.spec.ts:523:3 › 11. Copy › 11-2 undo removes copy ─────────────────
    [chromium] › tests\e2e\basic.spec.ts:547:3 › 12. Array copy › 12-1 3×3 array creates 9 shapes total 
    [chromium] › tests\e2e\basic.spec.ts:560:3 › 12. Array copy › 12-2 2×1 array creates 2 shapes ──
    [chromium] › tests\e2e\basic.spec.ts:573:3 › 12. Array copy › 12-3 undo removes array copies ───
    [chromium] › tests\e2e\basic.spec.ts:601:3 › 13. Boolean Union › 13-1 union of two overlapping rects gives 1 shape 
    [chromium] › tests\e2e\basic.spec.ts:612:3 › 13. Boolean Union › 13-2 result has integer coordinates only 
    [chromium] › tests\e2e\basic.spec.ts:627:3 › 13. Boolean Union › 13-3 undo restores two shapes ─
    [chromium] › tests\e2e\basic.spec.ts:650:3 › 14. Boolean Difference › 14-1 difference leaves 1 shape with a hole 
    [chromium] › tests\e2e\basic.spec.ts:667:3 › 14. Boolean Difference › 14-2 undo restores original two shapes 
    [chromium] › tests\e2e\basic.spec.ts:693:3 › 15. Snap toggle › 15-2 clicking snap toggles to OFF 
    [chromium] › tests\e2e\basic.spec.ts:699:3 › 15. Snap toggle › 15-3 clicking again restores ON ─
    [chromium] › tests\e2e\basic.spec.ts:705:3 › 15. Snap toggle › 15-4 snap state reflected in app state 
    [chromium] › tests\e2e\basic.spec.ts:722:3 › 16. DXF export › 16-1 export triggers file download 
    [chromium] › tests\e2e\basic.spec.ts:730:3 › 16. DXF export › 16-2 exported DXF contains LWPOLYLINE 
    [chromium] › tests\e2e\basic.spec.ts:753:3 › 17. Keyboard shortcuts › 17-1 Ctrl+Z undoes ───────
    [chromium] › tests\e2e\basic.spec.ts:759:3 › 17. Keyboard shortcuts › 17-2 Ctrl+Y redoes ───────
    [chromium] › tests\e2e\basic.spec.ts:767:3 › 17. Keyboard shortcuts › 17-3 Delete key deletes selected shape 
    [chromium] › tests\e2e\basic.spec.ts:775:3 › 17. Keyboard shortcuts › 17-4 Escape cancels drawing 
    [chromium] › tests\e2e\basic.spec.ts:800:3 › 18. Undo/Redo buttons › 18-1 undo button enabled after draw 
    [chromium] › tests\e2e\basic.spec.ts:806:3 › 18. Undo/Redo buttons › 18-2 undo button click works 
    [chromium] › tests\e2e\basic.spec.ts:814:3 › 18. Undo/Redo buttons › 18-3 redo button enabled after undo 
    [chromium] › tests\e2e\basic.spec.ts:821:3 › 18. Undo/Redo buttons › 18-4 redo button click works 
    [chromium] › tests\e2e\basic.spec.ts:834:3 › 19. Autosave and restore › 19-1 Ctrl+S saves without error 
    [chromium] › tests\e2e\basic.spec.ts:847:3 › 19. Autosave and restore › 19-2 shapes survive page reload (IndexedDB) 
    [chromium] › tests\e2e\basic.spec.ts:879:3 › 20. Fit to content and zoom reset › 20-2 Fit button centers shapes (zoom changes) 
    [chromium] › tests\e2e\basic.spec.ts:896:3 › 20. Fit to content and zoom reset › 20-3 Home key triggers fit-to-content 
    [chromium] › tests\e2e\basic.spec.ts:909:3 › 20. Fit to content and zoom reset › 20-4 Fit with no shapes resets to 50% 
    [chromium] › tests\e2e\basic.spec.ts:917:3 › 20. Fit to content and zoom reset › 20-5 clicking zoom display resets to 100% 
    [chromium] › tests\e2e\basic.spec.ts:935:3 › 20. Fit to content and zoom reset › 20-6 auto-grid changes with zoom level 
    [chromium] › tests\e2e\basic.spec.ts:950:3 › 20. Fit to content and zoom reset › 20-7 footer-grid shows µm unit 
    [chromium] › tests\e2e\basic.spec.ts:966:3 › 22. Polygon tool › 22-1 Polygon button exists and activates 
    [chromium] › tests\e2e\basic.spec.ts:977:3 › 22. Polygon tool › 22-3 triangle via 3 clicks + Enter creates one shape 
    [chromium] › tests\e2e\basic.spec.ts:989:3 › 22. Polygon tool › 22-4 polygon has integer coordinates only 
    [chromium] › tests\e2e\basic.spec.ts:1006:3 › 22. Polygon tool › 22-5 Escape cancels drawing ───
    [chromium] › tests\e2e\basic.spec.ts:1016:3 › 22. Polygon tool › 22-6 Backspace removes last vertex (Enter after pop still works) 
    [chromium] › tests\e2e\basic.spec.ts:1036:3 › 22. Polygon tool › 22-7 undo removes polygon ─────
    [chromium] › tests\e2e\basic.spec.ts:1050:3 › 22. Polygon tool › 22-8 polygon has no holes ─────
    [chromium] › tests\e2e\basic.spec.ts:1065:3 › 22. Polygon tool › 22-9 pentagon via 5 clicks + Enter 
    [chromium] › tests\e2e\basic.spec.ts:1086:3 › 22. Polygon tool › 22-10 footer shows vertex count while drawing 
    [chromium] › tests\e2e\basic.spec.ts:1095:3 › 22. Polygon tool › 22-11 footer shows Enter/close hint while drawing 
    [chromium] › tests\e2e\basic.spec.ts:1103:3 › 22. Polygon tool › 22-12 draft.willClose true when hovering near first vertex 
    [chromium] › tests\e2e\basic.spec.ts:1118:3 › 22. Polygon tool › 22-13 clicking near first vertex commits polygon 
    [chromium] › tests\e2e\basic.spec.ts:1131:3 › 22. Polygon tool › 22-14 double-click commits polygon 
    [chromium] › tests\e2e\basic.spec.ts:1149:3 › 22. Polygon tool › 22-15 self-intersecting polygon is rejected on commit 
    [chromium] › tests\e2e\basic.spec.ts:1162:3 › 22. Polygon tool › 22-16 Shift constrains angle to 15-degree multiples 
    [chromium] › tests\e2e\basic.spec.ts:1182:3 › 22. Polygon tool › 22-17 polygon can be selected after creation 
    [chromium] › tests\e2e\basic.spec.ts:1198:3 › 22. Polygon tool › 22-18 can draw multiple polygons sequentially 
    [chromium] › tests\e2e\basic.spec.ts:1245:3 › 21. Console error check › 21-3 no NaN in coordinates after draw 
    [firefox] › tests\e2e\basic.spec.ts:95:3 › 2. Theme toggle › 2-1 click Theme applies light class 
    [firefox] › tests\e2e\basic.spec.ts:100:3 › 2. Theme toggle › 2-2 second click restores dark theme 
    [firefox] › tests\e2e\basic.spec.ts:131:3 › 3. Cursor coordinates › 3-3 moving to different positions changes values 
    [firefox] › tests\e2e\basic.spec.ts:149:3 › 4. Zoom and pan › 4-1 scroll wheel changes zoom percentage 
    [firefox] › tests\e2e\basic.spec.ts:160:3 › 4. Zoom and pan › 4-2 zoom in increases zoom value ─
    [firefox] › tests\e2e\basic.spec.ts:172:3 › 4. Zoom and pan › 4-3 zoom out decreases zoom value 
    [firefox] › tests\e2e\basic.spec.ts:184:3 › 4. Zoom and pan › 4-4 right-drag pans canvas ───────
    [firefox] › tests\e2e\basic.spec.ts:216:3 › 5. Rectangle tool › 5-1 Rect button highlights on click 
    [firefox] › tests\e2e\basic.spec.ts:221:3 › 5. Rectangle tool › 5-2 drawing adds one shape ─────
    [firefox] › tests\e2e\basic.spec.ts:228:3 › 5. Rectangle tool › 5-3 drawn shape has correct bounding box 
    [firefox] › tests\e2e\basic.spec.ts:251:3 › 5. Rectangle tool › 5-4 Shift constraint makes square 
    [firefox] › tests\e2e\basic.spec.ts:279:3 › 5. Rectangle tool › 5-5 undo removes shape ─────────
    [firefox] › tests\e2e\basic.spec.ts:288:3 › 5. Rectangle tool › 5-6 undo enables redo ──────────
    [firefox] › tests\e2e\basic.spec.ts:304:3 › 7. Circle tool › 7-1 Circle button highlights ──────
    [firefox] › tests\e2e\basic.spec.ts:309:3 › 7. Circle tool › 7-2 drawing a circle adds one shape 
    [firefox] › tests\e2e\basic.spec.ts:319:3 › 7. Circle tool › 7-3 circle shape has integer coordinates only 
    [firefox] › tests\e2e\basic.spec.ts:336:3 › 7. Circle tool › 7-4 circle has no holes ───────────
    [firefox] › tests\e2e\basic.spec.ts:362:3 › 8. Selection › 8-1 clicking shape selects it ───────
    [firefox] › tests\e2e\basic.spec.ts:368:3 › 8. Selection › 8-2 right panel shows selection info 
    [firefox] › tests\e2e\basic.spec.ts:374:3 › 8. Selection › 8-3 footer W/H update on selection ──
    [firefox] › tests\e2e\basic.spec.ts:382:3 › 8. Selection › 8-4 click empty area deselects ──────
    [firefox] › tests\e2e\basic.spec.ts:390:3 › 8. Selection › 8-5 Shift+click adds to selection ───
    [firefox] › tests\e2e\basic.spec.ts:414:3 › 9. Move (drag) › 9-1 dragging moves shape position ─
    [firefox] › tests\e2e\basic.spec.ts:436:3 › 9. Move (drag) › 9-2 undo restores original position 
    [firefox] › tests\e2e\basic.spec.ts:476:3 › 10. Delete › 10-1 Delete button removes selected shape 
    [firefox] › tests\e2e\basic.spec.ts:483:3 › 10. Delete › 10-2 Delete key removes selected shape 
    [firefox] › tests\e2e\basic.spec.ts:491:3 › 10. Delete › 10-3 undo restores deleted shape ──────
    [firefox] › tests\e2e\basic.spec.ts:512:3 › 11. Copy › 11-1 Copy adds one more shape ───────────
    [firefox] › tests\e2e\basic.spec.ts:523:3 › 11. Copy › 11-2 undo removes copy ──────────────────
    [firefox] › tests\e2e\basic.spec.ts:547:3 › 12. Array copy › 12-1 3×3 array creates 9 shapes total 
    [firefox] › tests\e2e\basic.spec.ts:560:3 › 12. Array copy › 12-2 2×1 array creates 2 shapes ───
    [firefox] › tests\e2e\basic.spec.ts:573:3 › 12. Array copy › 12-3 undo removes array copies ────
    [firefox] › tests\e2e\basic.spec.ts:601:3 › 13. Boolean Union › 13-1 union of two overlapping rects gives 1 shape 
    [firefox] › tests\e2e\basic.spec.ts:612:3 › 13. Boolean Union › 13-2 result has integer coordinates only 
    [firefox] › tests\e2e\basic.spec.ts:627:3 › 13. Boolean Union › 13-3 undo restores two shapes ──
    [firefox] › tests\e2e\basic.spec.ts:650:3 › 14. Boolean Difference › 14-1 difference leaves 1 shape with a hole 
    [firefox] › tests\e2e\basic.spec.ts:667:3 › 14. Boolean Difference › 14-2 undo restores original two shapes 
    [firefox] › tests\e2e\basic.spec.ts:693:3 › 15. Snap toggle › 15-2 clicking snap toggles to OFF 
    [firefox] › tests\e2e\basic.spec.ts:699:3 › 15. Snap toggle › 15-3 clicking again restores ON ──
    [firefox] › tests\e2e\basic.spec.ts:705:3 › 15. Snap toggle › 15-4 snap state reflected in app state 
    [firefox] › tests\e2e\basic.spec.ts:722:3 › 16. DXF export › 16-1 export triggers file download 
    [firefox] › tests\e2e\basic.spec.ts:730:3 › 16. DXF export › 16-2 exported DXF contains LWPOLYLINE 
    [firefox] › tests\e2e\basic.spec.ts:753:3 › 17. Keyboard shortcuts › 17-1 Ctrl+Z undoes ────────
    [firefox] › tests\e2e\basic.spec.ts:759:3 › 17. Keyboard shortcuts › 17-2 Ctrl+Y redoes ────────
    [firefox] › tests\e2e\basic.spec.ts:767:3 › 17. Keyboard shortcuts › 17-3 Delete key deletes selected shape 
    [firefox] › tests\e2e\basic.spec.ts:775:3 › 17. Keyboard shortcuts › 17-4 Escape cancels drawing 
    [firefox] › tests\e2e\basic.spec.ts:800:3 › 18. Undo/Redo buttons › 18-1 undo button enabled after draw 
    [firefox] › tests\e2e\basic.spec.ts:806:3 › 18. Undo/Redo buttons › 18-2 undo button click works 
    [firefox] › tests\e2e\basic.spec.ts:814:3 › 18. Undo/Redo buttons › 18-3 redo button enabled after undo 
    [firefox] › tests\e2e\basic.spec.ts:821:3 › 18. Undo/Redo buttons › 18-4 redo button click works 
    [firefox] › tests\e2e\basic.spec.ts:834:3 › 19. Autosave and restore › 19-1 Ctrl+S saves without error 
    [firefox] › tests\e2e\basic.spec.ts:847:3 › 19. Autosave and restore › 19-2 shapes survive page reload (IndexedDB) 
    [firefox] › tests\e2e\basic.spec.ts:879:3 › 20. Fit to content and zoom reset › 20-2 Fit button centers shapes (zoom changes) 
    [firefox] › tests\e2e\basic.spec.ts:896:3 › 20. Fit to content and zoom reset › 20-3 Home key triggers fit-to-content 
    [firefox] › tests\e2e\basic.spec.ts:909:3 › 20. Fit to content and zoom reset › 20-4 Fit with no shapes resets to 50% 
    [firefox] › tests\e2e\basic.spec.ts:917:3 › 20. Fit to content and zoom reset › 20-5 clicking zoom display resets to 100% 
    [firefox] › tests\e2e\basic.spec.ts:935:3 › 20. Fit to content and zoom reset › 20-6 auto-grid changes with zoom level 
    [firefox] › tests\e2e\basic.spec.ts:950:3 › 20. Fit to content and zoom reset › 20-7 footer-grid shows µm unit 
    [firefox] › tests\e2e\basic.spec.ts:966:3 › 22. Polygon tool › 22-1 Polygon button exists and activates 
    [firefox] › tests\e2e\basic.spec.ts:977:3 › 22. Polygon tool › 22-3 triangle via 3 clicks + Enter creates one shape 
    [firefox] › tests\e2e\basic.spec.ts:989:3 › 22. Polygon tool › 22-4 polygon has integer coordinates only 
    [firefox] › tests\e2e\basic.spec.ts:1006:3 › 22. Polygon tool › 22-5 Escape cancels drawing ────
    [firefox] › tests\e2e\basic.spec.ts:1016:3 › 22. Polygon tool › 22-6 Backspace removes last vertex (Enter after pop still works) 
    [firefox] › tests\e2e\basic.spec.ts:1036:3 › 22. Polygon tool › 22-7 undo removes polygon ──────
    [firefox] › tests\e2e\basic.spec.ts:1065:3 › 22. Polygon tool › 22-9 pentagon via 5 clicks + Enter 
  37 passed (11.8m)
